"date","cluster","grants"
2014-03-20,"Climate Energy Transport",0
2014-03-20,"Digital Industry Space",0
2014-03-20,"Energy",0
2014-03-20,"Environment Climate",0
2014-03-20,"Food",0
2014-03-20,"Health",0
2014-03-20,"Other",0
2014-03-20,"Security",0
2014-03-20,"Society",0
2014-03-20,"Transport",3
2014-03-27,"Climate Energy Transport",0
2014-03-27,"Digital Industry Space",0
2014-03-27,"Energy",8
2014-03-27,"Environment Climate",0
2014-03-27,"Food",0
2014-03-27,"Health",0
2014-03-27,"Other",0
2014-03-27,"Security",0
2014-03-27,"Society",0
2014-03-27,"Transport",0
2014-04-01,"Climate Energy Transport",0
2014-04-01,"Digital Industry Space",0
2014-04-01,"Energy",0
2014-04-01,"Environment Climate",0
2014-04-01,"Food",0
2014-04-01,"Health",0
2014-04-01,"Other",0
2014-04-01,"Security",0
2014-04-01,"Society",0
2014-04-01,"Transport",1
2014-04-08,"Climate Energy Transport",0
2014-04-08,"Digital Industry Space",0
2014-04-08,"Energy",0
2014-04-08,"Environment Climate",21
2014-04-08,"Food",0
2014-04-08,"Health",0
2014-04-08,"Other",0
2014-04-08,"Security",0
2014-04-08,"Society",0
2014-04-08,"Transport",0
2014-04-15,"Climate Energy Transport",0
2014-04-15,"Digital Industry Space",0
2014-04-15,"Energy",0
2014-04-15,"Environment Climate",0
2014-04-15,"Food",0
2014-04-15,"Health",19
2014-04-15,"Other",0
2014-04-15,"Security",0
2014-04-15,"Society",0
2014-04-15,"Transport",0
2014-04-29,"Climate Energy Transport",0
2014-04-29,"Digital Industry Space",0
2014-04-29,"Energy",0
2014-04-29,"Environment Climate",0
2014-04-29,"Food",0
2014-04-29,"Health",0
2014-04-29,"Other",0
2014-04-29,"Security",0
2014-04-29,"Society",8
2014-04-29,"Transport",0
2014-05-07,"Climate Energy Transport",0
2014-05-07,"Digital Industry Space",0
2014-05-07,"Energy",0
2014-05-07,"Environment Climate",0
2014-05-07,"Food",0
2014-05-07,"Health",0
2014-05-07,"Other",0
2014-05-07,"Security",0
2014-05-07,"Society",0
2014-05-07,"Transport",9
2014-06-03,"Climate Energy Transport",0
2014-06-03,"Digital Industry Space",0
2014-06-03,"Energy",0
2014-06-03,"Environment Climate",0
2014-06-03,"Food",0
2014-06-03,"Health",0
2014-06-03,"Other",0
2014-06-03,"Security",0
2014-06-03,"Society",11
2014-06-03,"Transport",0
2014-06-05,"Climate Energy Transport",0
2014-06-05,"Digital Industry Space",0
2014-06-05,"Energy",0
2014-06-05,"Environment Climate",0
2014-06-05,"Food",0
2014-06-05,"Health",0
2014-06-05,"Other",0
2014-06-05,"Security",0
2014-06-05,"Society",0
2014-06-05,"Transport",15
2014-06-26,"Climate Energy Transport",0
2014-06-26,"Digital Industry Space",0
2014-06-26,"Energy",0
2014-06-26,"Environment Climate",0
2014-06-26,"Food",38
2014-06-26,"Health",0
2014-06-26,"Other",0
2014-06-26,"Security",0
2014-06-26,"Society",0
2014-06-26,"Transport",0
2014-07-22,"Climate Energy Transport",0
2014-07-22,"Digital Industry Space",0
2014-07-22,"Energy",0
2014-07-22,"Environment Climate",0
2014-07-22,"Food",0
2014-07-22,"Health",0
2014-07-22,"Other",0
2014-07-22,"Security",0
2014-07-22,"Society",0
2014-07-22,"Transport",1
2014-08-19,"Climate Energy Transport",0
2014-08-19,"Digital Industry Space",0
2014-08-19,"Energy",0
2014-08-19,"Environment Climate",0
2014-08-19,"Food",0
2014-08-19,"Health",8
2014-08-19,"Other",0
2014-08-19,"Security",0
2014-08-19,"Society",0
2014-08-19,"Transport",0
2014-08-28,"Climate Energy Transport",0
2014-08-28,"Digital Industry Space",0
2014-08-28,"Energy",34
2014-08-28,"Environment Climate",1
2014-08-28,"Food",0
2014-08-28,"Health",0
2014-08-28,"Other",0
2014-08-28,"Security",23
2014-08-28,"Society",0
2014-08-28,"Transport",0
2014-09-10,"Climate Energy Transport",0
2014-09-10,"Digital Industry Space",0
2014-09-10,"Energy",0
2014-09-10,"Environment Climate",0
2014-09-10,"Food",0
2014-09-10,"Health",0
2014-09-10,"Other",0
2014-09-10,"Security",0
2014-09-10,"Society",0
2014-09-10,"Transport",4
2014-09-16,"Climate Energy Transport",0
2014-09-16,"Digital Industry Space",0
2014-09-16,"Energy",0
2014-09-16,"Environment Climate",8
2014-09-16,"Food",1
2014-09-16,"Health",0
2014-09-16,"Other",0
2014-09-16,"Security",0
2014-09-16,"Society",0
2014-09-16,"Transport",0
2014-09-23,"Climate Energy Transport",0
2014-09-23,"Digital Industry Space",0
2014-09-23,"Energy",0
2014-09-23,"Environment Climate",0
2014-09-23,"Food",0
2014-09-23,"Health",0
2014-09-23,"Other",0
2014-09-23,"Security",0
2014-09-23,"Society",0
2014-09-23,"Transport",5
2014-09-30,"Climate Energy Transport",0
2014-09-30,"Digital Industry Space",0
2014-09-30,"Energy",0
2014-09-30,"Environment Climate",0
2014-09-30,"Food",0
2014-09-30,"Health",0
2014-09-30,"Other",0
2014-09-30,"Security",0
2014-09-30,"Society",1
2014-09-30,"Transport",0
2014-10-15,"Climate Energy Transport",0
2014-10-15,"Digital Industry Space",0
2014-10-15,"Energy",0
2014-10-15,"Environment Climate",0
2014-10-15,"Food",16
2014-10-15,"Health",0
2014-10-15,"Other",0
2014-10-15,"Security",0
2014-10-15,"Society",0
2014-10-15,"Transport",0
2014-11-05,"Climate Energy Transport",0
2014-11-05,"Digital Industry Space",0
2014-11-05,"Energy",29
2014-11-05,"Environment Climate",0
2014-11-05,"Food",0
2014-11-05,"Health",0
2014-11-05,"Other",0
2014-11-05,"Security",0
2014-11-05,"Society",0
2014-11-05,"Transport",0
2014-11-06,"Climate Energy Transport",0
2014-11-06,"Digital Industry Space",0
2014-11-06,"Energy",7
2014-11-06,"Environment Climate",0
2014-11-06,"Food",0
2014-11-06,"Health",0
2014-11-06,"Other",0
2014-11-06,"Security",0
2014-11-06,"Society",0
2014-11-06,"Transport",15
2014-12-01,"Climate Energy Transport",0
2014-12-01,"Digital Industry Space",0
2014-12-01,"Energy",0
2014-12-01,"Environment Climate",0
2014-12-01,"Food",0
2014-12-01,"Health",5
2014-12-01,"Other",0
2014-12-01,"Security",0
2014-12-01,"Society",0
2014-12-01,"Transport",0
2014-12-17,"Climate Energy Transport",0
2014-12-17,"Digital Industry Space",0
2014-12-17,"Energy",2
2014-12-17,"Environment Climate",2
2014-12-17,"Food",4
2014-12-17,"Health",2
2014-12-17,"Other",0
2014-12-17,"Security",2
2014-12-17,"Society",0
2014-12-17,"Transport",2
2015-02-04,"Climate Energy Transport",0
2015-02-04,"Digital Industry Space",0
2015-02-04,"Energy",0
2015-02-04,"Environment Climate",0
2015-02-04,"Food",0
2015-02-04,"Health",0
2015-02-04,"Other",0
2015-02-04,"Security",0
2015-02-04,"Society",0
2015-02-04,"Transport",2
2015-02-24,"Climate Energy Transport",0
2015-02-24,"Digital Industry Space",0
2015-02-24,"Energy",0
2015-02-24,"Environment Climate",0
2015-02-24,"Food",0
2015-02-24,"Health",8
2015-02-24,"Other",0
2015-02-24,"Security",0
2015-02-24,"Society",0
2015-02-24,"Transport",0
2015-03-31,"Climate Energy Transport",0
2015-03-31,"Digital Industry Space",0
2015-03-31,"Energy",53
2015-03-31,"Environment Climate",0
2015-03-31,"Food",0
2015-03-31,"Health",0
2015-03-31,"Other",0
2015-03-31,"Security",0
2015-03-31,"Society",0
2015-03-31,"Transport",0
2015-04-14,"Climate Energy Transport",0
2015-04-14,"Digital Industry Space",0
2015-04-14,"Energy",0
2015-04-14,"Environment Climate",0
2015-04-14,"Food",0
2015-04-14,"Health",3
2015-04-14,"Other",0
2015-04-14,"Security",0
2015-04-14,"Society",0
2015-04-14,"Transport",0
2015-04-21,"Climate Energy Transport",0
2015-04-21,"Digital Industry Space",0
2015-04-21,"Energy",0
2015-04-21,"Environment Climate",17
2015-04-21,"Food",1
2015-04-21,"Health",15
2015-04-21,"Other",0
2015-04-21,"Security",0
2015-04-21,"Society",0
2015-04-21,"Transport",0
2015-04-23,"Climate Energy Transport",0
2015-04-23,"Digital Industry Space",0
2015-04-23,"Energy",5
2015-04-23,"Environment Climate",0
2015-04-23,"Food",0
2015-04-23,"Health",0
2015-04-23,"Other",0
2015-04-23,"Security",0
2015-04-23,"Society",0
2015-04-23,"Transport",0
2015-05-05,"Climate Energy Transport",0
2015-05-05,"Digital Industry Space",0
2015-05-05,"Energy",0
2015-05-05,"Environment Climate",0
2015-05-05,"Food",0
2015-05-05,"Health",0
2015-05-05,"Other",0
2015-05-05,"Security",0
2015-05-05,"Society",0
2015-05-05,"Transport",17
2015-05-12,"Climate Energy Transport",0
2015-05-12,"Digital Industry Space",0
2015-05-12,"Energy",0
2015-05-12,"Environment Climate",0
2015-05-12,"Food",0
2015-05-12,"Health",0
2015-05-12,"Other",0
2015-05-12,"Security",0
2015-05-12,"Society",2
2015-05-12,"Transport",0
2015-05-28,"Climate Energy Transport",0
2015-05-28,"Digital Industry Space",0
2015-05-28,"Energy",0
2015-05-28,"Environment Climate",0
2015-05-28,"Food",0
2015-05-28,"Health",0
2015-05-28,"Other",0
2015-05-28,"Security",0
2015-05-28,"Society",24
2015-05-28,"Transport",0
2015-06-04,"Climate Energy Transport",0
2015-06-04,"Digital Industry Space",0
2015-06-04,"Energy",0
2015-06-04,"Environment Climate",0
2015-06-04,"Food",0
2015-06-04,"Health",0
2015-06-04,"Other",0
2015-06-04,"Security",0
2015-06-04,"Society",0
2015-06-04,"Transport",14
2015-06-11,"Climate Energy Transport",0
2015-06-11,"Digital Industry Space",0
2015-06-11,"Energy",0
2015-06-11,"Environment Climate",0
2015-06-11,"Food",23
2015-06-11,"Health",0
2015-06-11,"Other",0
2015-06-11,"Security",0
2015-06-11,"Society",0
2015-06-11,"Transport",0
2015-06-25,"Climate Energy Transport",0
2015-06-25,"Digital Industry Space",0
2015-06-25,"Energy",11
2015-06-25,"Environment Climate",0
2015-06-25,"Food",0
2015-06-25,"Health",0
2015-06-25,"Other",0
2015-06-25,"Security",0
2015-06-25,"Society",0
2015-06-25,"Transport",0
2015-07-30,"Climate Energy Transport",0
2015-07-30,"Digital Industry Space",0
2015-07-30,"Energy",17
2015-07-30,"Environment Climate",0
2015-07-30,"Food",0
2015-07-30,"Health",0
2015-07-30,"Other",0
2015-07-30,"Security",0
2015-07-30,"Society",0
2015-07-30,"Transport",0
2015-08-27,"Climate Energy Transport",0
2015-08-27,"Digital Industry Space",0
2015-08-27,"Energy",6
2015-08-27,"Environment Climate",3
2015-08-27,"Food",0
2015-08-27,"Health",0
2015-08-27,"Other",0
2015-08-27,"Security",32
2015-08-27,"Society",0
2015-08-27,"Transport",14
2015-09-08,"Climate Energy Transport",0
2015-09-08,"Digital Industry Space",0
2015-09-08,"Energy",0
2015-09-08,"Environment Climate",8
2015-09-08,"Food",1
2015-09-08,"Health",0
2015-09-08,"Other",0
2015-09-08,"Security",0
2015-09-08,"Society",0
2015-09-08,"Transport",0
2015-09-15,"Climate Energy Transport",0
2015-09-15,"Digital Industry Space",0
2015-09-15,"Energy",0
2015-09-15,"Environment Climate",0
2015-09-15,"Food",3
2015-09-15,"Health",0
2015-09-15,"Other",0
2015-09-15,"Security",0
2015-09-15,"Society",0
2015-09-15,"Transport",0
2015-09-29,"Climate Energy Transport",0
2015-09-29,"Digital Industry Space",0
2015-09-29,"Energy",0
2015-09-29,"Environment Climate",0
2015-09-29,"Food",0
2015-09-29,"Health",6
2015-09-29,"Other",0
2015-09-29,"Security",0
2015-09-29,"Society",0
2015-09-29,"Transport",0
2015-10-15,"Climate Energy Transport",0
2015-10-15,"Digital Industry Space",0
2015-10-15,"Energy",13
2015-10-15,"Environment Climate",0
2015-10-15,"Food",0
2015-10-15,"Health",0
2015-10-15,"Other",0
2015-10-15,"Security",0
2015-10-15,"Society",0
2015-10-15,"Transport",0
2015-11-18,"Climate Energy Transport",0
2015-11-18,"Digital Industry Space",0
2015-11-18,"Energy",64
2015-11-18,"Environment Climate",0
2015-11-18,"Food",0
2015-11-18,"Health",0
2015-11-18,"Other",0
2015-11-18,"Security",0
2015-11-18,"Society",1
2015-11-18,"Transport",0
2015-11-25,"Climate Energy Transport",0
2015-11-25,"Digital Industry Space",0
2015-11-25,"Energy",2
2015-11-25,"Environment Climate",2
2015-11-25,"Food",4
2015-11-25,"Health",2
2015-11-25,"Other",0
2015-11-25,"Security",2
2015-11-25,"Society",4
2015-11-25,"Transport",2
2015-12-01,"Climate Energy Transport",0
2015-12-01,"Digital Industry Space",0
2015-12-01,"Energy",0
2015-12-01,"Environment Climate",0
2015-12-01,"Food",0
2015-12-01,"Health",0
2015-12-01,"Other",1
2015-12-01,"Security",0
2015-12-01,"Society",0
2015-12-01,"Transport",0
2015-12-03,"Climate Energy Transport",0
2015-12-03,"Digital Industry Space",0
2015-12-03,"Energy",0
2015-12-03,"Environment Climate",0
2015-12-03,"Food",19
2015-12-03,"Health",0
2015-12-03,"Other",0
2015-12-03,"Security",0
2015-12-03,"Society",0
2015-12-03,"Transport",0
2016-01-21,"Climate Energy Transport",0
2016-01-21,"Digital Industry Space",0
2016-01-21,"Energy",0
2016-01-21,"Environment Climate",0
2016-01-21,"Food",0
2016-01-21,"Health",0
2016-01-21,"Other",0
2016-01-21,"Security",0
2016-01-21,"Society",0
2016-01-21,"Transport",4
2016-01-26,"Climate Energy Transport",0
2016-01-26,"Digital Industry Space",0
2016-01-26,"Energy",13
2016-01-26,"Environment Climate",2
2016-01-26,"Food",0
2016-01-26,"Health",0
2016-01-26,"Other",0
2016-01-26,"Security",0
2016-01-26,"Society",0
2016-01-26,"Transport",0
2016-02-04,"Climate Energy Transport",0
2016-02-04,"Digital Industry Space",0
2016-02-04,"Energy",22
2016-02-04,"Environment Climate",0
2016-02-04,"Food",0
2016-02-04,"Health",0
2016-02-04,"Other",0
2016-02-04,"Security",0
2016-02-04,"Society",11
2016-02-04,"Transport",0
2016-02-16,"Climate Energy Transport",0
2016-02-16,"Digital Industry Space",0
2016-02-16,"Energy",0
2016-02-16,"Environment Climate",0
2016-02-16,"Food",0
2016-02-16,"Health",11
2016-02-16,"Other",0
2016-02-16,"Security",0
2016-02-16,"Society",0
2016-02-16,"Transport",3
2016-02-17,"Climate Energy Transport",0
2016-02-17,"Digital Industry Space",0
2016-02-17,"Energy",0
2016-02-17,"Environment Climate",0
2016-02-17,"Food",15
2016-02-17,"Health",0
2016-02-17,"Other",0
2016-02-17,"Security",0
2016-02-17,"Society",0
2016-02-17,"Transport",0
2016-03-08,"Climate Energy Transport",0
2016-03-08,"Digital Industry Space",0
2016-03-08,"Energy",0
2016-03-08,"Environment Climate",14
2016-03-08,"Food",1
2016-03-08,"Health",0
2016-03-08,"Other",0
2016-03-08,"Security",0
2016-03-08,"Society",0
2016-03-08,"Transport",0
2016-03-09,"Climate Energy Transport",0
2016-03-09,"Digital Industry Space",0
2016-03-09,"Energy",0
2016-03-09,"Environment Climate",0
2016-03-09,"Food",0
2016-03-09,"Health",1
2016-03-09,"Other",0
2016-03-09,"Security",0
2016-03-09,"Society",0
2016-03-09,"Transport",0
2016-03-15,"Climate Energy Transport",0
2016-03-15,"Digital Industry Space",0
2016-03-15,"Energy",0
2016-03-15,"Environment Climate",0
2016-03-15,"Food",0
2016-03-15,"Health",6
2016-03-15,"Other",0
2016-03-15,"Security",0
2016-03-15,"Society",0
2016-03-15,"Transport",0
2016-03-17,"Climate Energy Transport",0
2016-03-17,"Digital Industry Space",0
2016-03-17,"Energy",28
2016-03-17,"Environment Climate",0
2016-03-17,"Food",0
2016-03-17,"Health",0
2016-03-17,"Other",0
2016-03-17,"Security",0
2016-03-17,"Society",0
2016-03-17,"Transport",0
2016-04-05,"Climate Energy Transport",0
2016-04-05,"Digital Industry Space",0
2016-04-05,"Energy",0
2016-04-05,"Environment Climate",0
2016-04-05,"Food",0
2016-04-05,"Health",0
2016-04-05,"Other",0
2016-04-05,"Security",0
2016-04-05,"Society",0
2016-04-05,"Transport",6
2016-04-12,"Climate Energy Transport",0
2016-04-12,"Digital Industry Space",0
2016-04-12,"Energy",0
2016-04-12,"Environment Climate",0
2016-04-12,"Food",0
2016-04-12,"Health",1
2016-04-12,"Other",0
2016-04-12,"Security",1
2016-04-12,"Society",0
2016-04-12,"Transport",0
2016-04-13,"Climate Energy Transport",0
2016-04-13,"Digital Industry Space",0
2016-04-13,"Energy",0
2016-04-13,"Environment Climate",0
2016-04-13,"Food",0
2016-04-13,"Health",11
2016-04-13,"Other",0
2016-04-13,"Security",0
2016-04-13,"Society",0
2016-04-13,"Transport",0
2016-04-14,"Climate Energy Transport",0
2016-04-14,"Digital Industry Space",0
2016-04-14,"Energy",0
2016-04-14,"Environment Climate",0
2016-04-14,"Food",0
2016-04-14,"Health",0
2016-04-14,"Other",0
2016-04-14,"Security",0
2016-04-14,"Society",1
2016-04-14,"Transport",0
2016-04-20,"Climate Energy Transport",0
2016-04-20,"Digital Industry Space",0
2016-04-20,"Energy",28
2016-04-20,"Environment Climate",0
2016-04-20,"Food",0
2016-04-20,"Health",0
2016-04-20,"Other",0
2016-04-20,"Security",0
2016-04-20,"Society",0
2016-04-20,"Transport",0
2016-04-28,"Climate Energy Transport",0
2016-04-28,"Digital Industry Space",0
2016-04-28,"Energy",0
2016-04-28,"Environment Climate",0
2016-04-28,"Food",0
2016-04-28,"Health",1
2016-04-28,"Other",0
2016-04-28,"Security",0
2016-04-28,"Society",0
2016-04-28,"Transport",0
2016-05-03,"Climate Energy Transport",0
2016-05-03,"Digital Industry Space",0
2016-05-03,"Energy",10
2016-05-03,"Environment Climate",0
2016-05-03,"Food",0
2016-05-03,"Health",0
2016-05-03,"Other",0
2016-05-03,"Security",0
2016-05-03,"Society",0
2016-05-03,"Transport",14
2016-05-24,"Climate Energy Transport",0
2016-05-24,"Digital Industry Space",0
2016-05-24,"Energy",0
2016-05-24,"Environment Climate",0
2016-05-24,"Food",0
2016-05-24,"Health",0
2016-05-24,"Other",0
2016-05-24,"Security",0
2016-05-24,"Society",1
2016-05-24,"Transport",0
2016-06-02,"Climate Energy Transport",0
2016-06-02,"Digital Industry Space",0
2016-06-02,"Energy",60
2016-06-02,"Environment Climate",0
2016-06-02,"Food",0
2016-06-02,"Health",0
2016-06-02,"Other",0
2016-06-02,"Security",0
2016-06-02,"Society",0
2016-06-02,"Transport",0
2016-06-07,"Climate Energy Transport",0
2016-06-07,"Digital Industry Space",0
2016-06-07,"Energy",0
2016-06-07,"Environment Climate",0
2016-06-07,"Food",0
2016-06-07,"Health",1
2016-06-07,"Other",0
2016-06-07,"Security",0
2016-06-07,"Society",0
2016-06-07,"Transport",0
2016-06-14,"Climate Energy Transport",0
2016-06-14,"Digital Industry Space",0
2016-06-14,"Energy",0
2016-06-14,"Environment Climate",0
2016-06-14,"Food",0
2016-06-14,"Health",4
2016-06-14,"Other",0
2016-06-14,"Security",0
2016-06-14,"Society",0
2016-06-14,"Transport",0
2016-08-17,"Climate Energy Transport",0
2016-08-17,"Digital Industry Space",0
2016-08-17,"Energy",0
2016-08-17,"Environment Climate",0
2016-08-17,"Food",0
2016-08-17,"Health",1
2016-08-17,"Other",0
2016-08-17,"Security",0
2016-08-17,"Society",0
2016-08-17,"Transport",0
2016-08-25,"Climate Energy Transport",0
2016-08-25,"Digital Industry Space",0
2016-08-25,"Energy",0
2016-08-25,"Environment Climate",0
2016-08-25,"Food",0
2016-08-25,"Health",0
2016-08-25,"Other",0
2016-08-25,"Security",12
2016-08-25,"Society",0
2016-08-25,"Transport",0
2016-09-06,"Climate Energy Transport",0
2016-09-06,"Digital Industry Space",0
2016-09-06,"Energy",0
2016-09-06,"Environment Climate",0
2016-09-06,"Food",0
2016-09-06,"Health",7
2016-09-06,"Other",0
2016-09-06,"Security",0
2016-09-06,"Society",0
2016-09-06,"Transport",0
2016-09-08,"Climate Energy Transport",0
2016-09-08,"Digital Industry Space",0
2016-09-08,"Energy",0
2016-09-08,"Environment Climate",0
2016-09-08,"Food",27
2016-09-08,"Health",0
2016-09-08,"Other",0
2016-09-08,"Security",0
2016-09-08,"Society",0
2016-09-08,"Transport",4
2016-09-13,"Climate Energy Transport",0
2016-09-13,"Digital Industry Space",0
2016-09-13,"Energy",0
2016-09-13,"Environment Climate",0
2016-09-13,"Food",22
2016-09-13,"Health",0
2016-09-13,"Other",0
2016-09-13,"Security",0
2016-09-13,"Society",0
2016-09-13,"Transport",0
2016-09-15,"Climate Energy Transport",0
2016-09-15,"Digital Industry Space",0
2016-09-15,"Energy",0
2016-09-15,"Environment Climate",0
2016-09-15,"Food",0
2016-09-15,"Health",0
2016-09-15,"Other",0
2016-09-15,"Security",0
2016-09-15,"Society",0
2016-09-15,"Transport",3
2016-09-29,"Climate Energy Transport",0
2016-09-29,"Digital Industry Space",0
2016-09-29,"Energy",13
2016-09-29,"Environment Climate",0
2016-09-29,"Food",0
2016-09-29,"Health",0
2016-09-29,"Other",0
2016-09-29,"Security",0
2016-09-29,"Society",0
2016-09-29,"Transport",0
2016-10-05,"Climate Energy Transport",0
2016-10-05,"Digital Industry Space",0
2016-10-05,"Energy",57
2016-10-05,"Environment Climate",0
2016-10-05,"Food",0
2016-10-05,"Health",0
2016-10-05,"Other",0
2016-10-05,"Security",0
2016-10-05,"Society",0
2016-10-05,"Transport",0
2016-10-25,"Climate Energy Transport",0
2016-10-25,"Digital Industry Space",0
2016-10-25,"Energy",0
2016-10-25,"Environment Climate",0
2016-10-25,"Food",0
2016-10-25,"Health",0
2016-10-25,"Other",1
2016-10-25,"Security",0
2016-10-25,"Society",0
2016-10-25,"Transport",0
2016-11-15,"Climate Energy Transport",0
2016-11-15,"Digital Industry Space",0
2016-11-15,"Energy",7
2016-11-15,"Environment Climate",0
2016-11-15,"Food",0
2016-11-15,"Health",0
2016-11-15,"Other",0
2016-11-15,"Security",0
2016-11-15,"Society",2
2016-11-15,"Transport",0
2017-01-05,"Climate Energy Transport",0
2017-01-05,"Digital Industry Space",0
2017-01-05,"Energy",0
2017-01-05,"Environment Climate",0
2017-01-05,"Food",0
2017-01-05,"Health",0
2017-01-05,"Other",0
2017-01-05,"Security",0
2017-01-05,"Society",0
2017-01-05,"Transport",6
2017-01-10,"Climate Energy Transport",0
2017-01-10,"Digital Industry Space",0
2017-01-10,"Energy",0
2017-01-10,"Environment Climate",0
2017-01-10,"Food",0
2017-01-10,"Health",6
2017-01-10,"Other",0
2017-01-10,"Security",0
2017-01-10,"Society",0
2017-01-10,"Transport",0
2017-01-19,"Climate Energy Transport",0
2017-01-19,"Digital Industry Space",0
2017-01-19,"Energy",0
2017-01-19,"Environment Climate",0
2017-01-19,"Food",0
2017-01-19,"Health",0
2017-01-19,"Other",0
2017-01-19,"Security",0
2017-01-19,"Society",0
2017-01-19,"Transport",6
2017-01-24,"Climate Energy Transport",0
2017-01-24,"Digital Industry Space",0
2017-01-24,"Energy",0
2017-01-24,"Environment Climate",1
2017-01-24,"Food",0
2017-01-24,"Health",0
2017-01-24,"Other",0
2017-01-24,"Security",0
2017-01-24,"Society",0
2017-01-24,"Transport",0
2017-01-31,"Climate Energy Transport",0
2017-01-31,"Digital Industry Space",0
2017-01-31,"Energy",0
2017-01-31,"Environment Climate",0
2017-01-31,"Food",0
2017-01-31,"Health",2
2017-01-31,"Other",0
2017-01-31,"Security",0
2017-01-31,"Society",0
2017-01-31,"Transport",0
2017-02-01,"Climate Energy Transport",0
2017-02-01,"Digital Industry Space",0
2017-02-01,"Energy",16
2017-02-01,"Environment Climate",0
2017-02-01,"Food",0
2017-02-01,"Health",0
2017-02-01,"Other",0
2017-02-01,"Security",0
2017-02-01,"Society",0
2017-02-01,"Transport",0
2017-02-02,"Climate Energy Transport",0
2017-02-02,"Digital Industry Space",0
2017-02-02,"Energy",0
2017-02-02,"Environment Climate",0
2017-02-02,"Food",0
2017-02-02,"Health",0
2017-02-02,"Other",0
2017-02-02,"Security",0
2017-02-02,"Society",20
2017-02-02,"Transport",0
2017-02-14,"Climate Energy Transport",0
2017-02-14,"Digital Industry Space",0
2017-02-14,"Energy",0
2017-02-14,"Environment Climate",1
2017-02-14,"Food",24
2017-02-14,"Health",0
2017-02-14,"Other",0
2017-02-14,"Security",0
2017-02-14,"Society",0
2017-02-14,"Transport",4
2017-02-16,"Climate Energy Transport",0
2017-02-16,"Digital Industry Space",0
2017-02-16,"Energy",0
2017-02-16,"Environment Climate",0
2017-02-16,"Food",0
2017-02-16,"Health",0
2017-02-16,"Other",0
2017-02-16,"Security",0
2017-02-16,"Society",0
2017-02-16,"Transport",1
2017-03-01,"Climate Energy Transport",0
2017-03-01,"Digital Industry Space",0
2017-03-01,"Energy",2
2017-03-01,"Environment Climate",0
2017-03-01,"Food",1
2017-03-01,"Health",0
2017-03-01,"Other",0
2017-03-01,"Security",0
2017-03-01,"Society",0
2017-03-01,"Transport",0
2017-03-07,"Climate Energy Transport",0
2017-03-07,"Digital Industry Space",0
2017-03-07,"Energy",0
2017-03-07,"Environment Climate",16
2017-03-07,"Food",0
2017-03-07,"Health",0
2017-03-07,"Other",0
2017-03-07,"Security",0
2017-03-07,"Society",0
2017-03-07,"Transport",0
2017-03-09,"Climate Energy Transport",0
2017-03-09,"Digital Industry Space",0
2017-03-09,"Energy",12
2017-03-09,"Environment Climate",0
2017-03-09,"Food",0
2017-03-09,"Health",0
2017-03-09,"Other",0
2017-03-09,"Security",0
2017-03-09,"Society",0
2017-03-09,"Transport",0
2017-03-14,"Climate Energy Transport",0
2017-03-14,"Digital Industry Space",0
2017-03-14,"Energy",0
2017-03-14,"Environment Climate",0
2017-03-14,"Food",0
2017-03-14,"Health",3
2017-03-14,"Other",0
2017-03-14,"Security",0
2017-03-14,"Society",0
2017-03-14,"Transport",0
2017-03-30,"Climate Energy Transport",0
2017-03-30,"Digital Industry Space",0
2017-03-30,"Energy",17
2017-03-30,"Environment Climate",0
2017-03-30,"Food",0
2017-03-30,"Health",0
2017-03-30,"Other",0
2017-03-30,"Security",0
2017-03-30,"Society",0
2017-03-30,"Transport",0
2017-04-11,"Climate Energy Transport",0
2017-04-11,"Digital Industry Space",0
2017-04-11,"Energy",0
2017-04-11,"Environment Climate",0
2017-04-11,"Food",0
2017-04-11,"Health",10
2017-04-11,"Other",0
2017-04-11,"Security",0
2017-04-11,"Society",0
2017-04-11,"Transport",0
2017-04-20,"Climate Energy Transport",0
2017-04-20,"Digital Industry Space",0
2017-04-20,"Energy",6
2017-04-20,"Environment Climate",1
2017-04-20,"Food",0
2017-04-20,"Health",0
2017-04-20,"Other",0
2017-04-20,"Security",0
2017-04-20,"Society",0
2017-04-20,"Transport",17
2017-04-25,"Climate Energy Transport",0
2017-04-25,"Digital Industry Space",0
2017-04-25,"Energy",0
2017-04-25,"Environment Climate",0
2017-04-25,"Food",0
2017-04-25,"Health",0
2017-04-25,"Other",0
2017-04-25,"Security",1
2017-04-25,"Society",0
2017-04-25,"Transport",0
2017-05-11,"Climate Energy Transport",0
2017-05-11,"Digital Industry Space",0
2017-05-11,"Energy",16
2017-05-11,"Environment Climate",0
2017-05-11,"Food",0
2017-05-11,"Health",0
2017-05-11,"Other",0
2017-05-11,"Security",0
2017-05-11,"Society",0
2017-05-11,"Transport",0
2017-06-07,"Climate Energy Transport",0
2017-06-07,"Digital Industry Space",0
2017-06-07,"Energy",0
2017-06-07,"Environment Climate",0
2017-06-07,"Food",0
2017-06-07,"Health",0
2017-06-07,"Other",0
2017-06-07,"Security",0
2017-06-07,"Society",0
2017-06-07,"Transport",12
2017-06-21,"Climate Energy Transport",0
2017-06-21,"Digital Industry Space",0
2017-06-21,"Energy",74
2017-06-21,"Environment Climate",0
2017-06-21,"Food",0
2017-06-21,"Health",0
2017-06-21,"Other",0
2017-06-21,"Security",0
2017-06-21,"Society",1
2017-06-21,"Transport",0
2017-08-22,"Climate Energy Transport",0
2017-08-22,"Digital Industry Space",0
2017-08-22,"Energy",0
2017-08-22,"Environment Climate",0
2017-08-22,"Food",0
2017-08-22,"Health",0
2017-08-22,"Other",0
2017-08-22,"Security",0
2017-08-22,"Society",0
2017-08-22,"Transport",3
2017-08-24,"Climate Energy Transport",0
2017-08-24,"Digital Industry Space",0
2017-08-24,"Energy",0
2017-08-24,"Environment Climate",0
2017-08-24,"Food",0
2017-08-24,"Health",0
2017-08-24,"Other",0
2017-08-24,"Security",15
2017-08-24,"Society",0
2017-08-24,"Transport",0
2017-09-05,"Climate Energy Transport",0
2017-09-05,"Digital Industry Space",0
2017-09-05,"Energy",0
2017-09-05,"Environment Climate",6
2017-09-05,"Food",0
2017-09-05,"Health",0
2017-09-05,"Other",0
2017-09-05,"Security",0
2017-09-05,"Society",0
2017-09-05,"Transport",0
2017-09-06,"Climate Energy Transport",0
2017-09-06,"Digital Industry Space",0
2017-09-06,"Energy",0
2017-09-06,"Environment Climate",0
2017-09-06,"Food",0
2017-09-06,"Health",1
2017-09-06,"Other",0
2017-09-06,"Security",0
2017-09-06,"Society",0
2017-09-06,"Transport",0
2017-09-07,"Climate Energy Transport",0
2017-09-07,"Digital Industry Space",0
2017-09-07,"Energy",0
2017-09-07,"Environment Climate",0
2017-09-07,"Food",16
2017-09-07,"Health",0
2017-09-07,"Other",0
2017-09-07,"Security",0
2017-09-07,"Society",0
2017-09-07,"Transport",11
2017-09-13,"Climate Energy Transport",0
2017-09-13,"Digital Industry Space",0
2017-09-13,"Energy",0
2017-09-13,"Environment Climate",0
2017-09-13,"Food",25
2017-09-13,"Health",0
2017-09-13,"Other",0
2017-09-13,"Security",0
2017-09-13,"Society",9
2017-09-13,"Transport",0
2017-09-26,"Climate Energy Transport",0
2017-09-26,"Digital Industry Space",0
2017-09-26,"Energy",1
2017-09-26,"Environment Climate",0
2017-09-26,"Food",0
2017-09-26,"Health",0
2017-09-26,"Other",0
2017-09-26,"Security",0
2017-09-26,"Society",0
2017-09-26,"Transport",0
2017-09-27,"Climate Energy Transport",0
2017-09-27,"Digital Industry Space",0
2017-09-27,"Energy",4
2017-09-27,"Environment Climate",0
2017-09-27,"Food",0
2017-09-27,"Health",0
2017-09-27,"Other",0
2017-09-27,"Security",0
2017-09-27,"Society",0
2017-09-27,"Transport",0
2017-10-19,"Climate Energy Transport",0
2017-10-19,"Digital Industry Space",0
2017-10-19,"Energy",12
2017-10-19,"Environment Climate",0
2017-10-19,"Food",0
2017-10-19,"Health",8
2017-10-19,"Other",0
2017-10-19,"Security",0
2017-10-19,"Society",0
2017-10-19,"Transport",0
2017-10-24,"Climate Energy Transport",0
2017-10-24,"Digital Industry Space",0
2017-10-24,"Energy",0
2017-10-24,"Environment Climate",0
2017-10-24,"Food",0
2017-10-24,"Health",1
2017-10-24,"Other",0
2017-10-24,"Security",0
2017-10-24,"Society",0
2017-10-24,"Transport",0
2017-11-09,"Climate Energy Transport",0
2017-11-09,"Digital Industry Space",0
2017-11-09,"Energy",1
2017-11-09,"Environment Climate",1
2017-11-09,"Food",2
2017-11-09,"Health",2
2017-11-09,"Other",0
2017-11-09,"Security",1
2017-11-09,"Society",1
2017-11-09,"Transport",1
2018-01-31,"Climate Energy Transport",0
2018-01-31,"Digital Industry Space",0
2018-01-31,"Energy",0
2018-01-31,"Environment Climate",0
2018-01-31,"Food",0
2018-01-31,"Health",0
2018-01-31,"Other",0
2018-01-31,"Security",0
2018-01-31,"Society",0
2018-01-31,"Transport",1
2018-02-13,"Climate Energy Transport",0
2018-02-13,"Digital Industry Space",0
2018-02-13,"Energy",0
2018-02-13,"Environment Climate",0
2018-02-13,"Food",11
2018-02-13,"Health",0
2018-02-13,"Other",0
2018-02-13,"Security",0
2018-02-13,"Society",0
2018-02-13,"Transport",5
2018-02-27,"Climate Energy Transport",0
2018-02-27,"Digital Industry Space",0
2018-02-27,"Energy",72
2018-02-27,"Environment Climate",4
2018-02-27,"Food",0
2018-02-27,"Health",0
2018-02-27,"Other",0
2018-02-27,"Security",0
2018-02-27,"Society",0
2018-02-27,"Transport",0
2018-03-13,"Climate Energy Transport",0
2018-03-13,"Digital Industry Space",0
2018-03-13,"Energy",0
2018-03-13,"Environment Climate",0
2018-03-13,"Food",0
2018-03-13,"Health",0
2018-03-13,"Other",0
2018-03-13,"Security",0
2018-03-13,"Society",13
2018-03-13,"Transport",0
2018-03-15,"Climate Energy Transport",0
2018-03-15,"Digital Industry Space",0
2018-03-15,"Energy",0
2018-03-15,"Environment Climate",0
2018-03-15,"Food",0
2018-03-15,"Health",1
2018-03-15,"Other",0
2018-03-15,"Security",0
2018-03-15,"Society",0
2018-03-15,"Transport",0
2018-04-04,"Climate Energy Transport",0
2018-04-04,"Digital Industry Space",0
2018-04-04,"Energy",11
2018-04-04,"Environment Climate",0
2018-04-04,"Food",0
2018-04-04,"Health",0
2018-04-04,"Other",0
2018-04-04,"Security",0
2018-04-04,"Society",0
2018-04-04,"Transport",0
2018-04-05,"Climate Energy Transport",0
2018-04-05,"Digital Industry Space",0
2018-04-05,"Energy",0
2018-04-05,"Environment Climate",0
2018-04-05,"Food",0
2018-04-05,"Health",0
2018-04-05,"Other",0
2018-04-05,"Security",0
2018-04-05,"Society",0
2018-04-05,"Transport",2
2018-04-18,"Climate Energy Transport",0
2018-04-18,"Digital Industry Space",0
2018-04-18,"Energy",0
2018-04-18,"Environment Climate",0
2018-04-18,"Food",0
2018-04-18,"Health",20
2018-04-18,"Other",0
2018-04-18,"Security",0
2018-04-18,"Society",0
2018-04-18,"Transport",0
2018-04-19,"Climate Energy Transport",0
2018-04-19,"Digital Industry Space",0
2018-04-19,"Energy",0
2018-04-19,"Environment Climate",0
2018-04-19,"Food",0
2018-04-19,"Health",0
2018-04-19,"Other",0
2018-04-19,"Security",0
2018-04-19,"Society",0
2018-04-19,"Transport",2
2018-04-24,"Climate Energy Transport",0
2018-04-24,"Digital Industry Space",0
2018-04-24,"Energy",24
2018-04-24,"Environment Climate",2
2018-04-24,"Food",0
2018-04-24,"Health",0
2018-04-24,"Other",0
2018-04-24,"Security",0
2018-04-24,"Society",0
2018-04-24,"Transport",12
2018-04-25,"Climate Energy Transport",0
2018-04-25,"Digital Industry Space",0
2018-04-25,"Energy",0
2018-04-25,"Environment Climate",0
2018-04-25,"Food",0
2018-04-25,"Health",9
2018-04-25,"Other",0
2018-04-25,"Security",0
2018-04-25,"Society",0
2018-04-25,"Transport",0
2018-05-16,"Climate Energy Transport",0
2018-05-16,"Digital Industry Space",0
2018-05-16,"Energy",0
2018-05-16,"Environment Climate",0
2018-05-16,"Food",0
2018-05-16,"Health",7
2018-05-16,"Other",0
2018-05-16,"Security",0
2018-05-16,"Society",0
2018-05-16,"Transport",0
2018-06-21,"Climate Energy Transport",0
2018-06-21,"Digital Industry Space",0
2018-06-21,"Energy",0
2018-06-21,"Environment Climate",0
2018-06-21,"Food",0
2018-06-21,"Health",0
2018-06-21,"Other",0
2018-06-21,"Security",0
2018-06-21,"Society",1
2018-06-21,"Transport",0
2018-07-12,"Climate Energy Transport",0
2018-07-12,"Digital Industry Space",0
2018-07-12,"Energy",68
2018-07-12,"Environment Climate",0
2018-07-12,"Food",0
2018-07-12,"Health",0
2018-07-12,"Other",0
2018-07-12,"Security",0
2018-07-12,"Society",0
2018-07-12,"Transport",0
2018-08-28,"Climate Energy Transport",0
2018-08-28,"Digital Industry Space",0
2018-08-28,"Energy",0
2018-08-28,"Environment Climate",0
2018-08-28,"Food",0
2018-08-28,"Health",0
2018-08-28,"Other",0
2018-08-28,"Security",2
2018-08-28,"Society",0
2018-08-28,"Transport",2
2018-09-04,"Climate Energy Transport",0
2018-09-04,"Digital Industry Space",0
2018-09-04,"Energy",0
2018-09-04,"Environment Climate",11
2018-09-04,"Food",0
2018-09-04,"Health",1
2018-09-04,"Other",0
2018-09-04,"Security",0
2018-09-04,"Society",0
2018-09-04,"Transport",0
2018-09-06,"Climate Energy Transport",0
2018-09-06,"Digital Industry Space",0
2018-09-06,"Energy",0
2018-09-06,"Environment Climate",0
2018-09-06,"Food",21
2018-09-06,"Health",15
2018-09-06,"Other",0
2018-09-06,"Security",0
2018-09-06,"Society",0
2018-09-06,"Transport",6
2018-09-11,"Climate Energy Transport",0
2018-09-11,"Digital Industry Space",0
2018-09-11,"Energy",0
2018-09-11,"Environment Climate",0
2018-09-11,"Food",9
2018-09-11,"Health",0
2018-09-11,"Other",0
2018-09-11,"Security",0
2018-09-11,"Society",0
2018-09-11,"Transport",1
2018-09-13,"Climate Energy Transport",0
2018-09-13,"Digital Industry Space",0
2018-09-13,"Energy",0
2018-09-13,"Environment Climate",0
2018-09-13,"Food",0
2018-09-13,"Health",0
2018-09-13,"Other",0
2018-09-13,"Security",0
2018-09-13,"Society",0
2018-09-13,"Transport",1
2018-09-19,"Climate Energy Transport",0
2018-09-19,"Digital Industry Space",0
2018-09-19,"Energy",9
2018-09-19,"Environment Climate",0
2018-09-19,"Food",0
2018-09-19,"Health",0
2018-09-19,"Other",0
2018-09-19,"Security",0
2018-09-19,"Society",0
2018-09-19,"Transport",0
2018-09-26,"Climate Energy Transport",0
2018-09-26,"Digital Industry Space",0
2018-09-26,"Energy",0
2018-09-26,"Environment Climate",0
2018-09-26,"Food",0
2018-09-26,"Health",0
2018-09-26,"Other",0
2018-09-26,"Security",0
2018-09-26,"Society",0
2018-09-26,"Transport",1
2018-09-27,"Climate Energy Transport",0
2018-09-27,"Digital Industry Space",0
2018-09-27,"Energy",0
2018-09-27,"Environment Climate",0
2018-09-27,"Food",0
2018-09-27,"Health",0
2018-09-27,"Other",0
2018-09-27,"Security",1
2018-09-27,"Society",0
2018-09-27,"Transport",0
2018-10-24,"Climate Energy Transport",0
2018-10-24,"Digital Industry Space",0
2018-10-24,"Energy",0
2018-10-24,"Environment Climate",0
2018-10-24,"Food",0
2018-10-24,"Health",7
2018-10-24,"Other",0
2018-10-24,"Security",0
2018-10-24,"Society",0
2018-10-24,"Transport",0
2018-11-14,"Climate Energy Transport",0
2018-11-14,"Digital Industry Space",0
2018-11-14,"Energy",0
2018-11-14,"Environment Climate",0
2018-11-14,"Food",0
2018-11-14,"Health",2
2018-11-14,"Other",0
2018-11-14,"Security",0
2018-11-14,"Society",0
2018-11-14,"Transport",0
2018-12-11,"Climate Energy Transport",0
2018-12-11,"Digital Industry Space",0
2018-12-11,"Energy",0
2018-12-11,"Environment Climate",0
2018-12-11,"Food",0
2018-12-11,"Health",4
2018-12-11,"Other",0
2018-12-11,"Security",0
2018-12-11,"Society",0
2018-12-11,"Transport",5
2019-01-23,"Climate Energy Transport",0
2019-01-23,"Digital Industry Space",0
2019-01-23,"Energy",0
2019-01-23,"Environment Climate",0
2019-01-23,"Food",17
2019-01-23,"Health",0
2019-01-23,"Other",0
2019-01-23,"Security",0
2019-01-23,"Society",0
2019-01-23,"Transport",0
2019-02-05,"Climate Energy Transport",0
2019-02-05,"Digital Industry Space",0
2019-02-05,"Energy",0
2019-02-05,"Environment Climate",0
2019-02-05,"Food",0
2019-02-05,"Health",0
2019-02-05,"Other",0
2019-02-05,"Security",0
2019-02-05,"Society",0
2019-02-05,"Transport",5
2019-02-06,"Climate Energy Transport",0
2019-02-06,"Digital Industry Space",0
2019-02-06,"Energy",55
2019-02-06,"Environment Climate",0
2019-02-06,"Food",0
2019-02-06,"Health",0
2019-02-06,"Other",0
2019-02-06,"Security",0
2019-02-06,"Society",0
2019-02-06,"Transport",0
2019-02-19,"Climate Energy Transport",0
2019-02-19,"Digital Industry Space",0
2019-02-19,"Energy",0
2019-02-19,"Environment Climate",4
2019-02-19,"Food",0
2019-02-19,"Health",0
2019-02-19,"Other",0
2019-02-19,"Security",0
2019-02-19,"Society",0
2019-02-19,"Transport",0
2019-02-28,"Climate Energy Transport",0
2019-02-28,"Digital Industry Space",0
2019-02-28,"Energy",0
2019-02-28,"Environment Climate",0
2019-02-28,"Food",0
2019-02-28,"Health",0
2019-02-28,"Other",0
2019-02-28,"Security",0
2019-02-28,"Society",1
2019-02-28,"Transport",0
2019-03-14,"Climate Energy Transport",0
2019-03-14,"Digital Industry Space",0
2019-03-14,"Energy",1
2019-03-14,"Environment Climate",0
2019-03-14,"Food",0
2019-03-14,"Health",0
2019-03-14,"Other",0
2019-03-14,"Security",0
2019-03-14,"Society",20
2019-03-14,"Transport",0
2019-04-03,"Climate Energy Transport",0
2019-04-03,"Digital Industry Space",0
2019-04-03,"Energy",0
2019-04-03,"Environment Climate",0
2019-04-03,"Food",0
2019-04-03,"Health",0
2019-04-03,"Other",0
2019-04-03,"Security",0
2019-04-03,"Society",0
2019-04-03,"Transport",2
2019-04-16,"Climate Energy Transport",0
2019-04-16,"Digital Industry Space",0
2019-04-16,"Energy",18
2019-04-16,"Environment Climate",0
2019-04-16,"Food",0
2019-04-16,"Health",14
2019-04-16,"Other",0
2019-04-16,"Security",0
2019-04-16,"Society",0
2019-04-16,"Transport",0
2019-04-23,"Climate Energy Transport",0
2019-04-23,"Digital Industry Space",0
2019-04-23,"Energy",6
2019-04-23,"Environment Climate",0
2019-04-23,"Food",0
2019-04-23,"Health",0
2019-04-23,"Other",0
2019-04-23,"Security",0
2019-04-23,"Society",0
2019-04-23,"Transport",11
2019-04-24,"Climate Energy Transport",0
2019-04-24,"Digital Industry Space",0
2019-04-24,"Energy",0
2019-04-24,"Environment Climate",0
2019-04-24,"Food",0
2019-04-24,"Health",5
2019-04-24,"Other",0
2019-04-24,"Security",0
2019-04-24,"Society",0
2019-04-24,"Transport",0
2019-04-25,"Climate Energy Transport",0
2019-04-25,"Digital Industry Space",0
2019-04-25,"Energy",14
2019-04-25,"Environment Climate",0
2019-04-25,"Food",0
2019-04-25,"Health",0
2019-04-25,"Other",0
2019-04-25,"Security",0
2019-04-25,"Society",0
2019-04-25,"Transport",3
2019-05-15,"Climate Energy Transport",0
2019-05-15,"Digital Industry Space",0
2019-05-15,"Energy",0
2019-05-15,"Environment Climate",0
2019-05-15,"Food",0
2019-05-15,"Health",8
2019-05-15,"Other",0
2019-05-15,"Security",0
2019-05-15,"Society",0
2019-05-15,"Transport",0
2019-05-28,"Climate Energy Transport",0
2019-05-28,"Digital Industry Space",0
2019-05-28,"Energy",0
2019-05-28,"Environment Climate",0
2019-05-28,"Food",0
2019-05-28,"Health",0
2019-05-28,"Other",1
2019-05-28,"Security",0
2019-05-28,"Society",0
2019-05-28,"Transport",0
2019-06-06,"Climate Energy Transport",0
2019-06-06,"Digital Industry Space",0
2019-06-06,"Energy",0
2019-06-06,"Environment Climate",0
2019-06-06,"Food",0
2019-06-06,"Health",0
2019-06-06,"Other",0
2019-06-06,"Security",0
2019-06-06,"Society",1
2019-06-06,"Transport",0
2019-06-18,"Climate Energy Transport",0
2019-06-18,"Digital Industry Space",0
2019-06-18,"Energy",18
2019-06-18,"Environment Climate",0
2019-06-18,"Food",0
2019-06-18,"Health",0
2019-06-18,"Other",0
2019-06-18,"Security",0
2019-06-18,"Society",0
2019-06-18,"Transport",0
2019-08-20,"Climate Energy Transport",0
2019-08-20,"Digital Industry Space",0
2019-08-20,"Energy",1
2019-08-20,"Environment Climate",0
2019-08-20,"Food",0
2019-08-20,"Health",0
2019-08-20,"Other",0
2019-08-20,"Security",0
2019-08-20,"Society",0
2019-08-20,"Transport",0
2019-08-22,"Climate Energy Transport",0
2019-08-22,"Digital Industry Space",0
2019-08-22,"Energy",0
2019-08-22,"Environment Climate",0
2019-08-22,"Food",0
2019-08-22,"Health",0
2019-08-22,"Other",0
2019-08-22,"Security",3
2019-08-22,"Society",0
2019-08-22,"Transport",0
2019-08-27,"Climate Energy Transport",0
2019-08-27,"Digital Industry Space",0
2019-08-27,"Energy",0
2019-08-27,"Environment Climate",0
2019-08-27,"Food",0
2019-08-27,"Health",0
2019-08-27,"Other",0
2019-08-27,"Security",0
2019-08-27,"Society",0
2019-08-27,"Transport",10
2019-09-03,"Climate Energy Transport",0
2019-09-03,"Digital Industry Space",0
2019-09-03,"Energy",62
2019-09-03,"Environment Climate",0
2019-09-03,"Food",0
2019-09-03,"Health",0
2019-09-03,"Other",0
2019-09-03,"Security",0
2019-09-03,"Society",0
2019-09-03,"Transport",0
2019-09-04,"Climate Energy Transport",0
2019-09-04,"Digital Industry Space",0
2019-09-04,"Energy",0
2019-09-04,"Environment Climate",12
2019-09-04,"Food",28
2019-09-04,"Health",0
2019-09-04,"Other",0
2019-09-04,"Security",0
2019-09-04,"Society",0
2019-09-04,"Transport",0
2019-09-10,"Climate Energy Transport",0
2019-09-10,"Digital Industry Space",0
2019-09-10,"Energy",31
2019-09-10,"Environment Climate",0
2019-09-10,"Food",0
2019-09-10,"Health",0
2019-09-10,"Other",0
2019-09-10,"Security",0
2019-09-10,"Society",0
2019-09-10,"Transport",14
2019-09-12,"Climate Energy Transport",0
2019-09-12,"Digital Industry Space",0
2019-09-12,"Energy",8
2019-09-12,"Environment Climate",0
2019-09-12,"Food",0
2019-09-12,"Health",0
2019-09-12,"Other",0
2019-09-12,"Security",0
2019-09-12,"Society",0
2019-09-12,"Transport",0
2019-09-26,"Climate Energy Transport",0
2019-09-26,"Digital Industry Space",0
2019-09-26,"Energy",0
2019-09-26,"Environment Climate",0
2019-09-26,"Food",0
2019-09-26,"Health",1
2019-09-26,"Other",0
2019-09-26,"Security",0
2019-09-26,"Society",0
2019-09-26,"Transport",0
2019-11-07,"Climate Energy Transport",0
2019-11-07,"Digital Industry Space",0
2019-11-07,"Energy",0
2019-11-07,"Environment Climate",0
2019-11-07,"Food",0
2019-11-07,"Health",3
2019-11-07,"Other",0
2019-11-07,"Security",0
2019-11-07,"Society",0
2019-11-07,"Transport",0
2019-11-13,"Climate Energy Transport",0
2019-11-13,"Digital Industry Space",0
2019-11-13,"Energy",0
2019-11-13,"Environment Climate",0
2019-11-13,"Food",0
2019-11-13,"Health",3
2019-11-13,"Other",0
2019-11-13,"Security",0
2019-11-13,"Society",0
2019-11-13,"Transport",0
2019-12-11,"Climate Energy Transport",0
2019-12-11,"Digital Industry Space",0
2019-12-11,"Energy",0
2019-12-11,"Environment Climate",0
2019-12-11,"Food",0
2019-12-11,"Health",0
2019-12-11,"Other",0
2019-12-11,"Security",0
2019-12-11,"Society",0
2019-12-11,"Transport",6
2020-01-15,"Climate Energy Transport",0
2020-01-15,"Digital Industry Space",0
2020-01-15,"Energy",0
2020-01-15,"Environment Climate",0
2020-01-15,"Food",0
2020-01-15,"Health",0
2020-01-15,"Other",0
2020-01-15,"Security",0
2020-01-15,"Society",0
2020-01-15,"Transport",8
2020-01-23,"Climate Energy Transport",0
2020-01-23,"Digital Industry Space",0
2020-01-23,"Energy",0
2020-01-23,"Environment Climate",0
2020-01-23,"Food",21
2020-01-23,"Health",0
2020-01-23,"Other",0
2020-01-23,"Security",0
2020-01-23,"Society",0
2020-01-23,"Transport",0
2020-01-29,"Climate Energy Transport",0
2020-01-29,"Digital Industry Space",0
2020-01-29,"Energy",0
2020-01-29,"Environment Climate",0
2020-01-29,"Food",0
2020-01-29,"Health",0
2020-01-29,"Other",0
2020-01-29,"Security",0
2020-01-29,"Society",0
2020-01-29,"Transport",9
2020-02-05,"Climate Energy Transport",0
2020-02-05,"Digital Industry Space",0
2020-02-05,"Energy",0
2020-02-05,"Environment Climate",1
2020-02-05,"Food",0
2020-02-05,"Health",0
2020-02-05,"Other",0
2020-02-05,"Security",0
2020-02-05,"Society",0
2020-02-05,"Transport",0
2020-02-12,"Climate Energy Transport",0
2020-02-12,"Digital Industry Space",0
2020-02-12,"Energy",0
2020-02-12,"Environment Climate",0
2020-02-12,"Food",0
2020-02-12,"Health",1
2020-02-12,"Other",0
2020-02-12,"Security",0
2020-02-12,"Society",0
2020-02-12,"Transport",0
2020-02-13,"Climate Energy Transport",0
2020-02-13,"Digital Industry Space",0
2020-02-13,"Energy",0
2020-02-13,"Environment Climate",9
2020-02-13,"Food",0
2020-02-13,"Health",0
2020-02-13,"Other",0
2020-02-13,"Security",0
2020-02-13,"Society",0
2020-02-13,"Transport",0
2020-03-05,"Climate Energy Transport",0
2020-03-05,"Digital Industry Space",0
2020-03-05,"Energy",1
2020-03-05,"Environment Climate",1
2020-03-05,"Food",0
2020-03-05,"Health",0
2020-03-05,"Other",0
2020-03-05,"Security",0
2020-03-05,"Society",0
2020-03-05,"Transport",0
2020-03-19,"Climate Energy Transport",0
2020-03-19,"Digital Industry Space",0
2020-03-19,"Energy",0
2020-03-19,"Environment Climate",0
2020-03-19,"Food",0
2020-03-19,"Health",0
2020-03-19,"Other",0
2020-03-19,"Security",0
2020-03-19,"Society",23
2020-03-19,"Transport",0
2020-03-31,"Climate Energy Transport",0
2020-03-31,"Digital Industry Space",0
2020-03-31,"Energy",0
2020-03-31,"Environment Climate",0
2020-03-31,"Food",0
2020-03-31,"Health",1
2020-03-31,"Other",0
2020-03-31,"Security",0
2020-03-31,"Society",0
2020-03-31,"Transport",0
2020-04-02,"Climate Energy Transport",0
2020-04-02,"Digital Industry Space",0
2020-04-02,"Energy",0
2020-04-02,"Environment Climate",0
2020-04-02,"Food",0
2020-04-02,"Health",6
2020-04-02,"Other",1
2020-04-02,"Security",0
2020-04-02,"Society",0
2020-04-02,"Transport",0
2020-04-28,"Climate Energy Transport",0
2020-04-28,"Digital Industry Space",0
2020-04-28,"Energy",23
2020-04-28,"Environment Climate",0
2020-04-28,"Food",0
2020-04-28,"Health",0
2020-04-28,"Other",0
2020-04-28,"Security",0
2020-04-28,"Society",0
2020-04-28,"Transport",10
2020-04-29,"Climate Energy Transport",0
2020-04-29,"Digital Industry Space",0
2020-04-29,"Energy",10
2020-04-29,"Environment Climate",0
2020-04-29,"Food",0
2020-04-29,"Health",0
2020-04-29,"Other",0
2020-04-29,"Security",0
2020-04-29,"Society",0
2020-04-29,"Transport",14
2020-05-12,"Climate Energy Transport",0
2020-05-12,"Digital Industry Space",0
2020-05-12,"Energy",35
2020-05-12,"Environment Climate",0
2020-05-12,"Food",0
2020-05-12,"Health",0
2020-05-12,"Other",0
2020-05-12,"Security",0
2020-05-12,"Society",0
2020-05-12,"Transport",0
2020-05-19,"Climate Energy Transport",0
2020-05-19,"Digital Industry Space",0
2020-05-19,"Energy",0
2020-05-19,"Environment Climate",0
2020-05-19,"Food",0
2020-05-19,"Health",0
2020-05-19,"Other",1
2020-05-19,"Security",0
2020-05-19,"Society",0
2020-05-19,"Transport",0
2020-05-27,"Climate Energy Transport",0
2020-05-27,"Digital Industry Space",0
2020-05-27,"Energy",19
2020-05-27,"Environment Climate",0
2020-05-27,"Food",0
2020-05-27,"Health",0
2020-05-27,"Other",0
2020-05-27,"Security",0
2020-05-27,"Society",0
2020-05-27,"Transport",0
2020-06-04,"Climate Energy Transport",0
2020-06-04,"Digital Industry Space",0
2020-06-04,"Energy",0
2020-06-04,"Environment Climate",0
2020-06-04,"Food",0
2020-06-04,"Health",25
2020-06-04,"Other",0
2020-06-04,"Security",0
2020-06-04,"Society",0
2020-06-04,"Transport",0
2020-06-11,"Climate Energy Transport",0
2020-06-11,"Digital Industry Space",0
2020-06-11,"Energy",0
2020-06-11,"Environment Climate",0
2020-06-11,"Food",0
2020-06-11,"Health",4
2020-06-11,"Other",0
2020-06-11,"Security",0
2020-06-11,"Society",0
2020-06-11,"Transport",0
2020-06-18,"Climate Energy Transport",0
2020-06-18,"Digital Industry Space",0
2020-06-18,"Energy",0
2020-06-18,"Environment Climate",0
2020-06-18,"Food",0
2020-06-18,"Health",7
2020-06-18,"Other",0
2020-06-18,"Security",0
2020-06-18,"Society",0
2020-06-18,"Transport",0
2020-06-23,"Climate Energy Transport",0
2020-06-23,"Digital Industry Space",0
2020-06-23,"Energy",0
2020-06-23,"Environment Climate",0
2020-06-23,"Food",0
2020-06-23,"Health",0
2020-06-23,"Other",0
2020-06-23,"Security",0
2020-06-23,"Society",1
2020-06-23,"Transport",0
2020-06-25,"Climate Energy Transport",0
2020-06-25,"Digital Industry Space",0
2020-06-25,"Energy",11
2020-06-25,"Environment Climate",0
2020-06-25,"Food",0
2020-06-25,"Health",0
2020-06-25,"Other",0
2020-06-25,"Security",0
2020-06-25,"Society",0
2020-06-25,"Transport",0
2020-08-27,"Climate Energy Transport",0
2020-08-27,"Digital Industry Space",0
2020-08-27,"Energy",0
2020-08-27,"Environment Climate",0
2020-08-27,"Food",0
2020-08-27,"Health",0
2020-08-27,"Other",0
2020-08-27,"Security",20
2020-08-27,"Society",0
2020-08-27,"Transport",0
2020-09-01,"Climate Energy Transport",0
2020-09-01,"Digital Industry Space",0
2020-09-01,"Energy",0
2020-09-01,"Environment Climate",0
2020-09-01,"Food",0
2020-09-01,"Health",0
2020-09-01,"Other",0
2020-09-01,"Security",0
2020-09-01,"Society",0
2020-09-01,"Transport",12
2020-09-03,"Climate Energy Transport",0
2020-09-03,"Digital Industry Space",0
2020-09-03,"Energy",0
2020-09-03,"Environment Climate",20
2020-09-03,"Food",16
2020-09-03,"Health",0
2020-09-03,"Other",0
2020-09-03,"Security",0
2020-09-03,"Society",0
2020-09-03,"Transport",0
2020-09-08,"Climate Energy Transport",0
2020-09-08,"Digital Industry Space",0
2020-09-08,"Energy",4
2020-09-08,"Environment Climate",0
2020-09-08,"Food",21
2020-09-08,"Health",0
2020-09-08,"Other",0
2020-09-08,"Security",0
2020-09-08,"Society",0
2020-09-08,"Transport",0
2020-09-10,"Climate Energy Transport",0
2020-09-10,"Digital Industry Space",0
2020-09-10,"Energy",0
2020-09-10,"Environment Climate",0
2020-09-10,"Food",0
2020-09-10,"Health",0
2020-09-10,"Other",0
2020-09-10,"Security",0
2020-09-10,"Society",0
2020-09-10,"Transport",10
2020-09-29,"Climate Energy Transport",0
2020-09-29,"Digital Industry Space",0
2020-09-29,"Energy",0
2020-09-29,"Environment Climate",0
2020-09-29,"Food",0
2020-09-29,"Health",1
2020-09-29,"Other",1
2020-09-29,"Security",0
2020-09-29,"Society",0
2020-09-29,"Transport",0
2020-10-07,"Climate Energy Transport",0
2020-10-07,"Digital Industry Space",0
2020-10-07,"Energy",0
2020-10-07,"Environment Climate",0
2020-10-07,"Food",0
2020-10-07,"Health",0
2020-10-07,"Other",1
2020-10-07,"Security",0
2020-10-07,"Society",0
2020-10-07,"Transport",0
2020-10-27,"Climate Energy Transport",0
2020-10-27,"Digital Industry Space",0
2020-10-27,"Energy",0
2020-10-27,"Environment Climate",0
2020-10-27,"Food",0
2020-10-27,"Health",0
2020-10-27,"Other",1
2020-10-27,"Security",0
2020-10-27,"Society",0
2020-10-27,"Transport",0
2020-11-19,"Climate Energy Transport",0
2020-11-19,"Digital Industry Space",0
2020-11-19,"Energy",0
2020-11-19,"Environment Climate",0
2020-11-19,"Food",0
2020-11-19,"Health",6
2020-11-19,"Other",0
2020-11-19,"Security",0
2020-11-19,"Society",0
2020-11-19,"Transport",0
2021-01-12,"Climate Energy Transport",0
2021-01-12,"Digital Industry Space",0
2021-01-12,"Energy",0
2021-01-12,"Environment Climate",0
2021-01-12,"Food",0
2021-01-12,"Health",0
2021-01-12,"Other",0
2021-01-12,"Security",0
2021-01-12,"Society",1
2021-01-12,"Transport",0
2021-01-27,"Climate Energy Transport",0
2021-01-27,"Digital Industry Space",0
2021-01-27,"Energy",1
2021-01-27,"Environment Climate",9
2021-01-27,"Food",2
2021-01-27,"Health",0
2021-01-27,"Other",0
2021-01-27,"Security",0
2021-01-27,"Society",2
2021-01-27,"Transport",4
2021-03-17,"Climate Energy Transport",0
2021-03-17,"Digital Industry Space",0
2021-03-17,"Energy",0
2021-03-17,"Environment Climate",0
2021-03-17,"Food",0
2021-03-17,"Health",6
2021-03-17,"Other",0
2021-03-17,"Security",0
2021-03-17,"Society",0
2021-03-17,"Transport",0
2021-05-18,"Climate Energy Transport",0
2021-05-18,"Digital Industry Space",0
2021-05-18,"Energy",2
2021-05-18,"Environment Climate",0
2021-05-18,"Food",0
2021-05-18,"Health",0
2021-05-18,"Other",0
2021-05-18,"Security",0
2021-05-18,"Society",0
2021-05-18,"Transport",0
2021-05-20,"Climate Energy Transport",0
2021-05-20,"Digital Industry Space",0
2021-05-20,"Energy",0
2021-05-20,"Environment Climate",0
2021-05-20,"Food",0
2021-05-20,"Health",2
2021-05-20,"Other",0
2021-05-20,"Security",0
2021-05-20,"Society",0
2021-05-20,"Transport",0
2021-07-22,"Climate Energy Transport",0
2021-07-22,"Digital Industry Space",0
2021-07-22,"Energy",0
2021-07-22,"Environment Climate",0
2021-07-22,"Food",1
2021-07-22,"Health",0
2021-07-22,"Other",0
2021-07-22,"Security",0
2021-07-22,"Society",0
2021-07-22,"Transport",0
2021-09-14,"Climate Energy Transport",28
2021-09-14,"Digital Industry Space",0
2021-09-14,"Energy",0
2021-09-14,"Environment Climate",0
2021-09-14,"Food",2
2021-09-14,"Health",1
2021-09-14,"Other",0
2021-09-14,"Security",0
2021-09-14,"Society",0
2021-09-14,"Transport",0
2021-09-21,"Climate Energy Transport",0
2021-09-21,"Digital Industry Space",0
2021-09-21,"Energy",1
2021-09-21,"Environment Climate",0
2021-09-21,"Food",0
2021-09-21,"Health",24
2021-09-21,"Other",0
2021-09-21,"Security",0
2021-09-21,"Society",0
2021-09-21,"Transport",0
2021-09-23,"Climate Energy Transport",0
2021-09-23,"Digital Industry Space",38
2021-09-23,"Energy",0
2021-09-23,"Environment Climate",0
2021-09-23,"Food",0
2021-09-23,"Health",0
2021-09-23,"Other",0
2021-09-23,"Security",0
2021-09-23,"Society",0
2021-09-23,"Transport",0
2021-10-06,"Climate Energy Transport",0
2021-10-06,"Digital Industry Space",0
2021-10-06,"Energy",0
2021-10-06,"Environment Climate",0
2021-10-06,"Food",103
2021-10-06,"Health",0
2021-10-06,"Other",0
2021-10-06,"Security",0
2021-10-06,"Society",0
2021-10-06,"Transport",1
2021-10-07,"Climate Energy Transport",0
2021-10-07,"Digital Industry Space",0
2021-10-07,"Energy",0
2021-10-07,"Environment Climate",0
2021-10-07,"Food",0
2021-10-07,"Health",0
2021-10-07,"Other",0
2021-10-07,"Security",0
2021-10-07,"Society",18
2021-10-07,"Transport",0
2021-10-19,"Climate Energy Transport",34
2021-10-19,"Digital Industry Space",0
2021-10-19,"Energy",0
2021-10-19,"Environment Climate",0
2021-10-19,"Food",0
2021-10-19,"Health",0
2021-10-19,"Other",0
2021-10-19,"Security",0
2021-10-19,"Society",0
2021-10-19,"Transport",0
2021-10-20,"Climate Energy Transport",4
2021-10-20,"Digital Industry Space",0
2021-10-20,"Energy",0
2021-10-20,"Environment Climate",0
2021-10-20,"Food",1
2021-10-20,"Health",1
2021-10-20,"Other",0
2021-10-20,"Security",0
2021-10-20,"Society",0
2021-10-20,"Transport",0
2021-10-21,"Climate Energy Transport",0
2021-10-21,"Digital Industry Space",46
2021-10-21,"Energy",0
2021-10-21,"Environment Climate",0
2021-10-21,"Food",0
2021-10-21,"Health",0
2021-10-21,"Other",0
2021-10-21,"Security",4
2021-10-21,"Society",0
2021-10-21,"Transport",0
2021-11-23,"Climate Energy Transport",0
2021-11-23,"Digital Industry Space",0
2021-11-23,"Energy",0
2021-11-23,"Environment Climate",0
2021-11-23,"Food",0
2021-11-23,"Health",0
2021-11-23,"Other",0
2021-11-23,"Security",29
2021-11-23,"Society",0
2021-11-23,"Transport",0
2022-01-05,"Climate Energy Transport",15
2022-01-05,"Digital Industry Space",0
2022-01-05,"Energy",0
2022-01-05,"Environment Climate",0
2022-01-05,"Food",0
2022-01-05,"Health",0
2022-01-05,"Other",0
2022-01-05,"Security",0
2022-01-05,"Society",0
2022-01-05,"Transport",0
2022-01-12,"Climate Energy Transport",8
2022-01-12,"Digital Industry Space",0
2022-01-12,"Energy",0
2022-01-12,"Environment Climate",0
2022-01-12,"Food",0
2022-01-12,"Health",0
2022-01-12,"Other",0
2022-01-12,"Security",0
2022-01-12,"Society",0
2022-01-12,"Transport",0
2022-01-25,"Climate Energy Transport",3
2022-01-25,"Digital Industry Space",1
2022-01-25,"Energy",0
2022-01-25,"Environment Climate",0
2022-01-25,"Food",0
2022-01-25,"Health",1
2022-01-25,"Other",0
2022-01-25,"Security",0
2022-01-25,"Society",0
2022-01-25,"Transport",0
2022-01-27,"Climate Energy Transport",0
2022-01-27,"Digital Industry Space",7
2022-01-27,"Energy",0
2022-01-27,"Environment Climate",0
2022-01-27,"Food",0
2022-01-27,"Health",0
2022-01-27,"Other",0
2022-01-27,"Security",0
2022-01-27,"Society",0
2022-01-27,"Transport",0
2022-02-10,"Climate Energy Transport",5
2022-02-10,"Digital Industry Space",0
2022-02-10,"Energy",0
2022-02-10,"Environment Climate",0
2022-02-10,"Food",0
2022-02-10,"Health",0
2022-02-10,"Other",0
2022-02-10,"Security",0
2022-02-10,"Society",0
2022-02-10,"Transport",0
2022-02-15,"Climate Energy Transport",0
2022-02-15,"Digital Industry Space",0
2022-02-15,"Energy",0
2022-02-15,"Environment Climate",0
2022-02-15,"Food",21
2022-02-15,"Health",0
2022-02-15,"Other",0
2022-02-15,"Security",0
2022-02-15,"Society",0
2022-02-15,"Transport",0
2022-02-16,"Climate Energy Transport",2
2022-02-16,"Digital Industry Space",19
2022-02-16,"Energy",0
2022-02-16,"Environment Climate",0
2022-02-16,"Food",3
2022-02-16,"Health",0
2022-02-16,"Other",0
2022-02-16,"Security",1
2022-02-16,"Society",0
2022-02-16,"Transport",0
2022-02-23,"Climate Energy Transport",16
2022-02-23,"Digital Industry Space",0
2022-02-23,"Energy",0
2022-02-23,"Environment Climate",0
2022-02-23,"Food",25
2022-02-23,"Health",0
2022-02-23,"Other",0
2022-02-23,"Security",0
2022-02-23,"Society",0
2022-02-23,"Transport",0
2022-03-10,"Climate Energy Transport",0
2022-03-10,"Digital Industry Space",0
2022-03-10,"Energy",0
2022-03-10,"Environment Climate",0
2022-03-10,"Food",15
2022-03-10,"Health",0
2022-03-10,"Other",0
2022-03-10,"Security",0
2022-03-10,"Society",0
2022-03-10,"Transport",0
2022-03-24,"Climate Energy Transport",0
2022-03-24,"Digital Industry Space",0
2022-03-24,"Energy",0
2022-03-24,"Environment Climate",0
2022-03-24,"Food",8
2022-03-24,"Health",0
2022-03-24,"Other",0
2022-03-24,"Security",0
2022-03-24,"Society",0
2022-03-24,"Transport",0
2022-03-30,"Climate Energy Transport",0
2022-03-30,"Digital Industry Space",35
2022-03-30,"Energy",0
2022-03-30,"Environment Climate",0
2022-03-30,"Food",0
2022-03-30,"Health",0
2022-03-30,"Other",0
2022-03-30,"Security",0
2022-03-30,"Society",0
2022-03-30,"Transport",0
2022-04-05,"Climate Energy Transport",0
2022-04-05,"Digital Industry Space",16
2022-04-05,"Energy",0
2022-04-05,"Environment Climate",0
2022-04-05,"Food",0
2022-04-05,"Health",0
2022-04-05,"Other",0
2022-04-05,"Security",0
2022-04-05,"Society",0
2022-04-05,"Transport",0
2022-04-06,"Climate Energy Transport",0
2022-04-06,"Digital Industry Space",2
2022-04-06,"Energy",0
2022-04-06,"Environment Climate",0
2022-04-06,"Food",0
2022-04-06,"Health",0
2022-04-06,"Other",0
2022-04-06,"Security",0
2022-04-06,"Society",0
2022-04-06,"Transport",0
2022-04-12,"Climate Energy Transport",0
2022-04-12,"Digital Industry Space",0
2022-04-12,"Energy",0
2022-04-12,"Environment Climate",0
2022-04-12,"Food",17
2022-04-12,"Health",0
2022-04-12,"Other",0
2022-04-12,"Security",0
2022-04-12,"Society",0
2022-04-12,"Transport",0
2022-04-20,"Climate Energy Transport",0
2022-04-20,"Digital Industry Space",0
2022-04-20,"Energy",0
2022-04-20,"Environment Climate",0
2022-04-20,"Food",0
2022-04-20,"Health",0
2022-04-20,"Other",0
2022-04-20,"Security",0
2022-04-20,"Society",29
2022-04-20,"Transport",0
2022-04-21,"Climate Energy Transport",0
2022-04-21,"Digital Industry Space",0
2022-04-21,"Energy",0
2022-04-21,"Environment Climate",0
2022-04-21,"Food",0
2022-04-21,"Health",17
2022-04-21,"Other",0
2022-04-21,"Security",0
2022-04-21,"Society",0
2022-04-21,"Transport",0
2022-04-26,"Climate Energy Transport",29
2022-04-26,"Digital Industry Space",16
2022-04-26,"Energy",0
2022-04-26,"Environment Climate",0
2022-04-26,"Food",5
2022-04-26,"Health",3
2022-04-26,"Other",0
2022-04-26,"Security",0
2022-04-26,"Society",0
2022-04-26,"Transport",0
2022-04-27,"Climate Energy Transport",0
2022-04-27,"Digital Industry Space",5
2022-04-27,"Energy",0
2022-04-27,"Environment Climate",0
2022-04-27,"Food",0
2022-04-27,"Health",0
2022-04-27,"Other",0
2022-04-27,"Security",0
2022-04-27,"Society",0
2022-04-27,"Transport",0
2022-05-31,"Climate Energy Transport",26
2022-05-31,"Digital Industry Space",0
2022-05-31,"Energy",0
2022-05-31,"Environment Climate",0
2022-05-31,"Food",0
2022-05-31,"Health",0
2022-05-31,"Other",0
2022-05-31,"Security",0
2022-05-31,"Society",0
2022-05-31,"Transport",0
2022-06-23,"Climate Energy Transport",20
2022-06-23,"Digital Industry Space",0
2022-06-23,"Energy",0
2022-06-23,"Environment Climate",0
2022-06-23,"Food",0
2022-06-23,"Health",0
2022-06-23,"Other",0
2022-06-23,"Security",0
2022-06-23,"Society",0
2022-06-23,"Transport",0
2022-08-30,"Climate Energy Transport",0
2022-08-30,"Digital Industry Space",0
2022-08-30,"Energy",0
2022-08-30,"Environment Climate",0
2022-08-30,"Food",0
2022-08-30,"Health",5
2022-08-30,"Other",0
2022-08-30,"Security",0
2022-08-30,"Society",0
2022-08-30,"Transport",0
2022-09-01,"Climate Energy Transport",0
2022-09-01,"Digital Industry Space",0
2022-09-01,"Energy",0
2022-09-01,"Environment Climate",0
2022-09-01,"Food",9
2022-09-01,"Health",0
2022-09-01,"Other",0
2022-09-01,"Security",0
2022-09-01,"Society",0
2022-09-01,"Transport",0
2022-09-06,"Climate Energy Transport",23
2022-09-06,"Digital Industry Space",0
2022-09-06,"Energy",0
2022-09-06,"Environment Climate",0
2022-09-06,"Food",8
2022-09-06,"Health",7
2022-09-06,"Other",0
2022-09-06,"Security",0
2022-09-06,"Society",0
2022-09-06,"Transport",0
2022-09-07,"Climate Energy Transport",0
2022-09-07,"Digital Industry Space",0
2022-09-07,"Energy",0
2022-09-07,"Environment Climate",0
2022-09-07,"Food",0
2022-09-07,"Health",5
2022-09-07,"Other",0
2022-09-07,"Security",0
2022-09-07,"Society",0
2022-09-07,"Transport",0
2022-09-20,"Climate Energy Transport",15
2022-09-20,"Digital Industry Space",0
2022-09-20,"Energy",0
2022-09-20,"Environment Climate",0
2022-09-20,"Food",0
2022-09-20,"Health",4
2022-09-20,"Other",0
2022-09-20,"Security",0
2022-09-20,"Society",0
2022-09-20,"Transport",0
2022-09-21,"Climate Energy Transport",0
2022-09-21,"Digital Industry Space",5
2022-09-21,"Energy",0
2022-09-21,"Environment Climate",0
2022-09-21,"Food",0
2022-09-21,"Health",0
2022-09-21,"Other",0
2022-09-21,"Security",0
2022-09-21,"Society",3
2022-09-21,"Transport",0
2022-09-22,"Climate Energy Transport",0
2022-09-22,"Digital Industry Space",0
2022-09-22,"Energy",0
2022-09-22,"Environment Climate",0
2022-09-22,"Food",12
2022-09-22,"Health",0
2022-09-22,"Other",0
2022-09-22,"Security",0
2022-09-22,"Society",0
2022-09-22,"Transport",0
2022-09-27,"Climate Energy Transport",3
2022-09-27,"Digital Industry Space",0
2022-09-27,"Energy",0
2022-09-27,"Environment Climate",0
2022-09-27,"Food",27
2022-09-27,"Health",0
2022-09-27,"Other",0
2022-09-27,"Security",0
2022-09-27,"Society",0
2022-09-27,"Transport",0
2022-10-06,"Climate Energy Transport",0
2022-10-06,"Digital Industry Space",0
2022-10-06,"Energy",0
2022-10-06,"Environment Climate",0
2022-10-06,"Food",0
2022-10-06,"Health",1
2022-10-06,"Other",0
2022-10-06,"Security",0
2022-10-06,"Society",0
2022-10-06,"Transport",0
2022-10-13,"Climate Energy Transport",34
2022-10-13,"Digital Industry Space",0
2022-10-13,"Energy",0
2022-10-13,"Environment Climate",0
2022-10-13,"Food",0
2022-10-13,"Health",0
2022-10-13,"Other",0
2022-10-13,"Security",0
2022-10-13,"Society",0
2022-10-13,"Transport",0
2022-10-27,"Climate Energy Transport",8
2022-10-27,"Digital Industry Space",1
2022-10-27,"Energy",0
2022-10-27,"Environment Climate",0
2022-10-27,"Food",0
2022-10-27,"Health",0
2022-10-27,"Other",0
2022-10-27,"Security",0
2022-10-27,"Society",0
2022-10-27,"Transport",0
2022-11-16,"Climate Energy Transport",0
2022-11-16,"Digital Industry Space",10
2022-11-16,"Energy",0
2022-11-16,"Environment Climate",0
2022-11-16,"Food",0
2022-11-16,"Health",0
2022-11-16,"Other",0
2022-11-16,"Security",4
2022-11-16,"Society",0
2022-11-16,"Transport",0
2022-11-22,"Climate Energy Transport",0
2022-11-22,"Digital Industry Space",0
2022-11-22,"Energy",0
2022-11-22,"Environment Climate",0
2022-11-22,"Food",0
2022-11-22,"Health",1
2022-11-22,"Other",0
2022-11-22,"Security",0
2022-11-22,"Society",0
2022-11-22,"Transport",0
2022-11-23,"Climate Energy Transport",0
2022-11-23,"Digital Industry Space",0
2022-11-23,"Energy",0
2022-11-23,"Environment Climate",0
2022-11-23,"Food",0
2022-11-23,"Health",0
2022-11-23,"Other",0
2022-11-23,"Security",27
2022-11-23,"Society",0
2022-11-23,"Transport",0
2022-12-14,"Climate Energy Transport",10
2022-12-14,"Digital Industry Space",0
2022-12-14,"Energy",0
2022-12-14,"Environment Climate",0
2022-12-14,"Food",0
2022-12-14,"Health",0
2022-12-14,"Other",0
2022-12-14,"Security",0
2022-12-14,"Society",0
2022-12-14,"Transport",0
2023-01-10,"Climate Energy Transport",9
2023-01-10,"Digital Industry Space",0
2023-01-10,"Energy",0
2023-01-10,"Environment Climate",0
2023-01-10,"Food",0
2023-01-10,"Health",0
2023-01-10,"Other",0
2023-01-10,"Security",0
2023-01-10,"Society",0
2023-01-10,"Transport",0
2023-01-24,"Climate Energy Transport",6
2023-01-24,"Digital Industry Space",0
2023-01-24,"Energy",0
2023-01-24,"Environment Climate",0
2023-01-24,"Food",0
2023-01-24,"Health",0
2023-01-24,"Other",0
2023-01-24,"Security",0
2023-01-24,"Society",0
2023-01-24,"Transport",0
2023-02-28,"Climate Energy Transport",0
2023-02-28,"Digital Industry Space",0
2023-02-28,"Energy",0
2023-02-28,"Environment Climate",0
2023-02-28,"Food",0
2023-02-28,"Health",2
2023-02-28,"Other",0
2023-02-28,"Security",0
2023-02-28,"Society",0
2023-02-28,"Transport",0
2023-03-09,"Climate Energy Transport",0
2023-03-09,"Digital Industry Space",6
2023-03-09,"Energy",0
2023-03-09,"Environment Climate",0
2023-03-09,"Food",0
2023-03-09,"Health",0
2023-03-09,"Other",0
2023-03-09,"Security",0
2023-03-09,"Society",0
2023-03-09,"Transport",0
2023-03-14,"Climate Energy Transport",0
2023-03-14,"Digital Industry Space",0
2023-03-14,"Energy",0
2023-03-14,"Environment Climate",0
2023-03-14,"Food",0
2023-03-14,"Health",0
2023-03-14,"Other",0
2023-03-14,"Security",0
2023-03-14,"Society",26
2023-03-14,"Transport",0
2023-03-15,"Climate Energy Transport",0
2023-03-15,"Digital Industry Space",0
2023-03-15,"Energy",0
2023-03-15,"Environment Climate",0
2023-03-15,"Food",0
2023-03-15,"Health",5
2023-03-15,"Other",0
2023-03-15,"Security",0
2023-03-15,"Society",0
2023-03-15,"Transport",0
2023-03-23,"Climate Energy Transport",0
2023-03-23,"Digital Industry Space",0
2023-03-23,"Energy",0
2023-03-23,"Environment Climate",0
2023-03-23,"Food",22
2023-03-23,"Health",0
2023-03-23,"Other",0
2023-03-23,"Security",0
2023-03-23,"Society",0
2023-03-23,"Transport",0
2023-03-28,"Climate Energy Transport",0
2023-03-28,"Digital Industry Space",14
2023-03-28,"Energy",0
2023-03-28,"Environment Climate",0
2023-03-28,"Food",39
2023-03-28,"Health",0
2023-03-28,"Other",0
2023-03-28,"Security",0
2023-03-28,"Society",0
2023-03-28,"Transport",0
2023-03-29,"Climate Energy Transport",0
2023-03-29,"Digital Industry Space",47
2023-03-29,"Energy",0
2023-03-29,"Environment Climate",0
2023-03-29,"Food",0
2023-03-29,"Health",0
2023-03-29,"Other",0
2023-03-29,"Security",0
2023-03-29,"Society",0
2023-03-29,"Transport",0
2023-03-30,"Climate Energy Transport",18
2023-03-30,"Digital Industry Space",0
2023-03-30,"Energy",0
2023-03-30,"Environment Climate",0
2023-03-30,"Food",0
2023-03-30,"Health",0
2023-03-30,"Other",0
2023-03-30,"Security",0
2023-03-30,"Society",0
2023-03-30,"Transport",0
2023-04-04,"Climate Energy Transport",0
2023-04-04,"Digital Industry Space",1
2023-04-04,"Energy",0
2023-04-04,"Environment Climate",0
2023-04-04,"Food",0
2023-04-04,"Health",0
2023-04-04,"Other",0
2023-04-04,"Security",0
2023-04-04,"Society",0
2023-04-04,"Transport",0
2023-04-12,"Climate Energy Transport",0
2023-04-12,"Digital Industry Space",0
2023-04-12,"Energy",0
2023-04-12,"Environment Climate",0
2023-04-12,"Food",34
2023-04-12,"Health",4
2023-04-12,"Other",0
2023-04-12,"Security",0
2023-04-12,"Society",0
2023-04-12,"Transport",0
2023-04-13,"Climate Energy Transport",0
2023-04-13,"Digital Industry Space",0
2023-04-13,"Energy",0
2023-04-13,"Environment Climate",0
2023-04-13,"Food",0
2023-04-13,"Health",28
2023-04-13,"Other",0
2023-04-13,"Security",0
2023-04-13,"Society",0
2023-04-13,"Transport",0
2023-04-18,"Climate Energy Transport",47
2023-04-18,"Digital Industry Space",0
2023-04-18,"Energy",0
2023-04-18,"Environment Climate",0
2023-04-18,"Food",0
2023-04-18,"Health",0
2023-04-18,"Other",0
2023-04-18,"Security",0
2023-04-18,"Society",0
2023-04-18,"Transport",0
2023-04-20,"Climate Energy Transport",25
2023-04-20,"Digital Industry Space",24
2023-04-20,"Energy",0
2023-04-20,"Environment Climate",0
2023-04-20,"Food",0
2023-04-20,"Health",0
2023-04-20,"Other",0
2023-04-20,"Security",0
2023-04-20,"Society",0
2023-04-20,"Transport",0
2023-04-25,"Climate Energy Transport",0
2023-04-25,"Digital Industry Space",9
2023-04-25,"Energy",0
2023-04-25,"Environment Climate",0
2023-04-25,"Food",0
2023-04-25,"Health",0
2023-04-25,"Other",0
2023-04-25,"Security",0
2023-04-25,"Society",0
2023-04-25,"Transport",0
2023-04-27,"Climate Energy Transport",0
2023-04-27,"Digital Industry Space",0
2023-04-27,"Energy",0
2023-04-27,"Environment Climate",0
2023-04-27,"Food",3
2023-04-27,"Health",0
2023-04-27,"Other",0
2023-04-27,"Security",0
2023-04-27,"Society",0
2023-04-27,"Transport",0
2023-05-03,"Climate Energy Transport",0
2023-05-03,"Digital Industry Space",4
2023-05-03,"Energy",0
2023-05-03,"Environment Climate",0
2023-05-03,"Food",0
2023-05-03,"Health",0
2023-05-03,"Other",0
2023-05-03,"Security",0
2023-05-03,"Society",0
2023-05-03,"Transport",0
2023-05-11,"Climate Energy Transport",9
2023-05-11,"Digital Industry Space",0
2023-05-11,"Energy",0
2023-05-11,"Environment Climate",0
2023-05-11,"Food",0
2023-05-11,"Health",0
2023-05-11,"Other",0
2023-05-11,"Security",0
2023-05-11,"Society",0
2023-05-11,"Transport",0
2023-06-08,"Climate Energy Transport",0
2023-06-08,"Digital Industry Space",1
2023-06-08,"Energy",0
2023-06-08,"Environment Climate",0
2023-06-08,"Food",0
2023-06-08,"Health",0
2023-06-08,"Other",0
2023-06-08,"Security",0
2023-06-08,"Society",0
2023-06-08,"Transport",0
2023-07-04,"Climate Energy Transport",0
2023-07-04,"Digital Industry Space",0
2023-07-04,"Energy",0
2023-07-04,"Environment Climate",0
2023-07-04,"Food",0
2023-07-04,"Health",5
2023-07-04,"Other",0
2023-07-04,"Security",0
2023-07-04,"Society",0
2023-07-04,"Transport",0
2023-08-31,"Climate Energy Transport",0
2023-08-31,"Digital Industry Space",1
2023-08-31,"Energy",0
2023-08-31,"Environment Climate",0
2023-08-31,"Food",0
2023-08-31,"Health",0
2023-08-31,"Other",0
2023-08-31,"Security",0
2023-08-31,"Society",0
2023-08-31,"Transport",0
2023-09-05,"Climate Energy Transport",34
2023-09-05,"Digital Industry Space",0
2023-09-05,"Energy",0
2023-09-05,"Environment Climate",0
2023-09-05,"Food",0
2023-09-05,"Health",0
2023-09-05,"Other",0
2023-09-05,"Security",0
2023-09-05,"Society",0
2023-09-05,"Transport",0
2023-09-06,"Climate Energy Transport",0
2023-09-06,"Digital Industry Space",0
2023-09-06,"Energy",0
2023-09-06,"Environment Climate",0
2023-09-06,"Food",1
2023-09-06,"Health",0
2023-09-06,"Other",0
2023-09-06,"Security",0
2023-09-06,"Society",0
2023-09-06,"Transport",0
2023-09-19,"Climate Energy Transport",3
2023-09-19,"Digital Industry Space",6
2023-09-19,"Energy",0
2023-09-19,"Environment Climate",0
2023-09-19,"Food",0
2023-09-19,"Health",1
2023-09-19,"Other",0
2023-09-19,"Security",0
2023-09-19,"Society",0
2023-09-19,"Transport",0
2023-09-20,"Climate Energy Transport",1
2023-09-20,"Digital Industry Space",0
2023-09-20,"Energy",0
2023-09-20,"Environment Climate",0
2023-09-20,"Food",39
2023-09-20,"Health",3
2023-09-20,"Other",0
2023-09-20,"Security",0
2023-09-20,"Society",0
2023-09-20,"Transport",0
2023-09-21,"Climate Energy Transport",0
2023-09-21,"Digital Industry Space",0
2023-09-21,"Energy",0
2023-09-21,"Environment Climate",0
2023-09-21,"Food",1
2023-09-21,"Health",0
2023-09-21,"Other",0
2023-09-21,"Security",0
2023-09-21,"Society",2
2023-09-21,"Transport",0
2023-09-26,"Climate Energy Transport",0
2023-09-26,"Digital Industry Space",0
2023-09-26,"Energy",0
2023-09-26,"Environment Climate",0
2023-09-26,"Food",5
2023-09-26,"Health",0
2023-09-26,"Other",0
2023-09-26,"Security",0
2023-09-26,"Society",0
2023-09-26,"Transport",0
2023-10-04,"Climate Energy Transport",0
2023-10-04,"Digital Industry Space",0
2023-10-04,"Energy",0
2023-10-04,"Environment Climate",0
2023-10-04,"Food",1
2023-10-04,"Health",0
2023-10-04,"Other",0
2023-10-04,"Security",0
2023-10-04,"Society",0
2023-10-04,"Transport",0
2023-10-05,"Climate Energy Transport",0
2023-10-05,"Digital Industry Space",5
2023-10-05,"Energy",0
2023-10-05,"Environment Climate",0
2023-10-05,"Food",0
2023-10-05,"Health",0
2023-10-05,"Other",0
2023-10-05,"Security",0
2023-10-05,"Society",0
2023-10-05,"Transport",0
2023-10-10,"Climate Energy Transport",8
2023-10-10,"Digital Industry Space",0
2023-10-10,"Energy",0
2023-10-10,"Environment Climate",0
2023-10-10,"Food",0
2023-10-10,"Health",0
2023-10-10,"Other",0
2023-10-10,"Security",0
2023-10-10,"Society",0
2023-10-10,"Transport",0
2023-11-15,"Climate Energy Transport",13
2023-11-15,"Digital Industry Space",0
2023-11-15,"Energy",0
2023-11-15,"Environment Climate",0
2023-11-15,"Food",0
2023-11-15,"Health",0
2023-11-15,"Other",0
2023-11-15,"Security",0
2023-11-15,"Society",0
2023-11-15,"Transport",0
2023-11-23,"Climate Energy Transport",0
2023-11-23,"Digital Industry Space",0
2023-11-23,"Energy",0
2023-11-23,"Environment Climate",0
2023-11-23,"Food",0
2023-11-23,"Health",0
2023-11-23,"Other",0
2023-11-23,"Security",23
2023-11-23,"Society",0
2023-11-23,"Transport",0
2024-01-09,"Climate Energy Transport",0
2024-01-09,"Digital Industry Space",1
2024-01-09,"Energy",0
2024-01-09,"Environment Climate",0
2024-01-09,"Food",0
2024-01-09,"Health",0
2024-01-09,"Other",0
2024-01-09,"Security",0
2024-01-09,"Society",0
2024-01-09,"Transport",0
2024-01-16,"Climate Energy Transport",17
2024-01-16,"Digital Industry Space",0
2024-01-16,"Energy",0
2024-01-16,"Environment Climate",0
2024-01-16,"Food",0
2024-01-16,"Health",4
2024-01-16,"Other",0
2024-01-16,"Security",0
2024-01-16,"Society",0
2024-01-16,"Transport",0
2024-01-31,"Climate Energy Transport",0
2024-01-31,"Digital Industry Space",1
2024-01-31,"Energy",0
2024-01-31,"Environment Climate",0
2024-01-31,"Food",0
2024-01-31,"Health",0
2024-01-31,"Other",0
2024-01-31,"Security",0
2024-01-31,"Society",0
2024-01-31,"Transport",0
2024-02-07,"Climate Energy Transport",7
2024-02-07,"Digital Industry Space",17
2024-02-07,"Energy",0
2024-02-07,"Environment Climate",0
2024-02-07,"Food",0
2024-02-07,"Health",0
2024-02-07,"Other",0
2024-02-07,"Security",0
2024-02-07,"Society",28
2024-02-07,"Transport",0
2024-02-14,"Climate Energy Transport",0
2024-02-14,"Digital Industry Space",1
2024-02-14,"Energy",0
2024-02-14,"Environment Climate",0
2024-02-14,"Food",0
2024-02-14,"Health",0
2024-02-14,"Other",0
2024-02-14,"Security",0
2024-02-14,"Society",0
2024-02-14,"Transport",0
2024-02-20,"Climate Energy Transport",0
2024-02-20,"Digital Industry Space",5
2024-02-20,"Energy",0
2024-02-20,"Environment Climate",0
2024-02-20,"Food",0
2024-02-20,"Health",0
2024-02-20,"Other",0
2024-02-20,"Security",0
2024-02-20,"Society",0
2024-02-20,"Transport",0
2024-02-22,"Climate Energy Transport",0
2024-02-22,"Digital Industry Space",0
2024-02-22,"Energy",0
2024-02-22,"Environment Climate",0
2024-02-22,"Food",43
2024-02-22,"Health",0
2024-02-22,"Other",0
2024-02-22,"Security",0
2024-02-22,"Society",0
2024-02-22,"Transport",0
2024-02-28,"Climate Energy Transport",0
2024-02-28,"Digital Industry Space",0
2024-02-28,"Energy",0
2024-02-28,"Environment Climate",0
2024-02-28,"Food",13
2024-02-28,"Health",0
2024-02-28,"Other",0
2024-02-28,"Security",0
2024-02-28,"Society",0
2024-02-28,"Transport",0
2024-02-29,"Climate Energy Transport",0
2024-02-29,"Digital Industry Space",8
2024-02-29,"Energy",0
2024-02-29,"Environment Climate",0
2024-02-29,"Food",0
2024-02-29,"Health",0
2024-02-29,"Other",0
2024-02-29,"Security",0
2024-02-29,"Society",0
2024-02-29,"Transport",0
2024-03-05,"Climate Energy Transport",7
2024-03-05,"Digital Industry Space",0
2024-03-05,"Energy",0
2024-03-05,"Environment Climate",0
2024-03-05,"Food",0
2024-03-05,"Health",0
2024-03-05,"Other",0
2024-03-05,"Security",0
2024-03-05,"Society",0
2024-03-05,"Transport",0
2024-03-19,"Climate Energy Transport",0
2024-03-19,"Digital Industry Space",18
2024-03-19,"Energy",0
2024-03-19,"Environment Climate",0
2024-03-19,"Food",0
2024-03-19,"Health",0
2024-03-19,"Other",0
2024-03-19,"Security",0
2024-03-19,"Society",0
2024-03-19,"Transport",0
2024-03-21,"Climate Energy Transport",0
2024-03-21,"Digital Industry Space",4
2024-03-21,"Energy",0
2024-03-21,"Environment Climate",0
2024-03-21,"Food",0
2024-03-21,"Health",0
2024-03-21,"Other",0
2024-03-21,"Security",0
2024-03-21,"Society",0
2024-03-21,"Transport",0
2024-04-03,"Climate Energy Transport",0
2024-04-03,"Digital Industry Space",0
2024-04-03,"Energy",0
2024-04-03,"Environment Climate",0
2024-04-03,"Food",0
2024-04-03,"Health",2
2024-04-03,"Other",0
2024-04-03,"Security",0
2024-04-03,"Society",0
2024-04-03,"Transport",0
2024-04-11,"Climate Energy Transport",0
2024-04-11,"Digital Industry Space",0
2024-04-11,"Energy",0
2024-04-11,"Environment Climate",0
2024-04-11,"Food",0
2024-04-11,"Health",14
2024-04-11,"Other",0
2024-04-11,"Security",0
2024-04-11,"Society",0
2024-04-11,"Transport",0
2024-04-17,"Climate Energy Transport",20
2024-04-17,"Digital Industry Space",0
2024-04-17,"Energy",0
2024-04-17,"Environment Climate",0
2024-04-17,"Food",0
2024-04-17,"Health",0
2024-04-17,"Other",0
2024-04-17,"Security",0
2024-04-17,"Society",0
2024-04-17,"Transport",0
2024-04-18,"Climate Energy Transport",26
2024-04-18,"Digital Industry Space",11
2024-04-18,"Energy",0
2024-04-18,"Environment Climate",0
2024-04-18,"Food",0
2024-04-18,"Health",0
2024-04-18,"Other",0
2024-04-18,"Security",0
2024-04-18,"Society",0
2024-04-18,"Transport",0
2024-04-23,"Climate Energy Transport",0
2024-04-23,"Digital Industry Space",0
2024-04-23,"Energy",0
2024-04-23,"Environment Climate",0
2024-04-23,"Food",0
2024-04-23,"Health",6
2024-04-23,"Other",0
2024-04-23,"Security",0
2024-04-23,"Society",0
2024-04-23,"Transport",0
2024-05-14,"Climate Energy Transport",0
2024-05-14,"Digital Industry Space",2
2024-05-14,"Energy",0
2024-05-14,"Environment Climate",0
2024-05-14,"Food",0
2024-05-14,"Health",0
2024-05-14,"Other",0
2024-05-14,"Security",0
2024-05-14,"Society",0
2024-05-14,"Transport",0
2024-05-22,"Climate Energy Transport",0
2024-05-22,"Digital Industry Space",0
2024-05-22,"Energy",0
2024-05-22,"Environment Climate",0
2024-05-22,"Food",0
2024-05-22,"Health",3
2024-05-22,"Other",0
2024-05-22,"Security",0
2024-05-22,"Society",0
2024-05-22,"Transport",0
2024-06-05,"Climate Energy Transport",3
2024-06-05,"Digital Industry Space",0
2024-06-05,"Energy",0
2024-06-05,"Environment Climate",0
2024-06-05,"Food",0
2024-06-05,"Health",0
2024-06-05,"Other",0
2024-06-05,"Security",0
2024-06-05,"Society",0
2024-06-05,"Transport",0
2024-06-06,"Climate Energy Transport",0
2024-06-06,"Digital Industry Space",1
2024-06-06,"Energy",0
2024-06-06,"Environment Climate",0
2024-06-06,"Food",0
2024-06-06,"Health",0
2024-06-06,"Other",0
2024-06-06,"Security",0
2024-06-06,"Society",0
2024-06-06,"Transport",0
2024-06-25,"Climate Energy Transport",0
2024-06-25,"Digital Industry Space",0
2024-06-25,"Energy",0
2024-06-25,"Environment Climate",0
2024-06-25,"Food",1
2024-06-25,"Health",0
2024-06-25,"Other",0
2024-06-25,"Security",0
2024-06-25,"Society",0
2024-06-25,"Transport",0
2024-09-05,"Climate Energy Transport",16
2024-09-05,"Digital Industry Space",0
2024-09-05,"Energy",0
2024-09-05,"Environment Climate",0
2024-09-05,"Food",1
2024-09-05,"Health",0
2024-09-05,"Other",0
2024-09-05,"Security",0
2024-09-05,"Society",0
2024-09-05,"Transport",0
2024-09-10,"Climate Energy Transport",0
2024-09-10,"Digital Industry Space",1
2024-09-10,"Energy",0
2024-09-10,"Environment Climate",0
2024-09-10,"Food",0
2024-09-10,"Health",0
2024-09-10,"Other",0
2024-09-10,"Security",0
2024-09-10,"Society",0
2024-09-10,"Transport",0
2024-09-17,"Climate Energy Transport",0
2024-09-17,"Digital Industry Space",5
2024-09-17,"Energy",0
2024-09-17,"Environment Climate",0
2024-09-17,"Food",20
2024-09-17,"Health",7
2024-09-17,"Other",0
2024-09-17,"Security",0
2024-09-17,"Society",0
2024-09-17,"Transport",0
2024-09-18,"Climate Energy Transport",0
2024-09-18,"Digital Industry Space",6
2024-09-18,"Energy",0
2024-09-18,"Environment Climate",0
2024-09-18,"Food",25
2024-09-18,"Health",15
2024-09-18,"Other",0
2024-09-18,"Security",0
2024-09-18,"Society",0
2024-09-18,"Transport",0
2024-09-19,"Climate Energy Transport",0
2024-09-19,"Digital Industry Space",0
2024-09-19,"Energy",0
2024-09-19,"Environment Climate",0
2024-09-19,"Food",0
2024-09-19,"Health",3
2024-09-19,"Other",0
2024-09-19,"Security",0
2024-09-19,"Society",0
2024-09-19,"Transport",0
2024-09-24,"Climate Energy Transport",0
2024-09-24,"Digital Industry Space",4
2024-09-24,"Energy",0
2024-09-24,"Environment Climate",0
2024-09-24,"Food",4
2024-09-24,"Health",0
2024-09-24,"Other",0
2024-09-24,"Security",0
2024-09-24,"Society",0
2024-09-24,"Transport",0
2024-09-25,"Climate Energy Transport",0
2024-09-25,"Digital Industry Space",0
2024-09-25,"Energy",0
2024-09-25,"Environment Climate",0
2024-09-25,"Food",0
2024-09-25,"Health",3
2024-09-25,"Other",0
2024-09-25,"Security",0
2024-09-25,"Society",0
2024-09-25,"Transport",0
2024-10-08,"Climate Energy Transport",0
2024-10-08,"Digital Industry Space",0
2024-10-08,"Energy",0
2024-10-08,"Environment Climate",0
2024-10-08,"Food",9
2024-10-08,"Health",0
2024-10-08,"Other",0
2024-10-08,"Security",0
2024-10-08,"Society",0
2024-10-08,"Transport",0
2024-10-10,"Climate Energy Transport",0
2024-10-10,"Digital Industry Space",0
2024-10-10,"Energy",0
2024-10-10,"Environment Climate",0
2024-10-10,"Food",0
2024-10-10,"Health",2
2024-10-10,"Other",0
2024-10-10,"Security",0
2024-10-10,"Society",0
2024-10-10,"Transport",0
2024-11-20,"Climate Energy Transport",0
2024-11-20,"Digital Industry Space",0
2024-11-20,"Energy",0
2024-11-20,"Environment Climate",0
2024-11-20,"Food",0
2024-11-20,"Health",0
2024-11-20,"Other",0
2024-11-20,"Security",25
2024-11-20,"Society",0
2024-11-20,"Transport",0
2024-11-26,"Climate Energy Transport",0
2024-11-26,"Digital Industry Space",0
2024-11-26,"Energy",0
2024-11-26,"Environment Climate",0
2024-11-26,"Food",0
2024-11-26,"Health",3
2024-11-26,"Other",0
2024-11-26,"Security",0
2024-11-26,"Society",0
2024-11-26,"Transport",0
2025-01-21,"Climate Energy Transport",18
2025-01-21,"Digital Industry Space",0
2025-01-21,"Energy",0
2025-01-21,"Environment Climate",0
2025-01-21,"Food",0
2025-01-21,"Health",0
2025-01-21,"Other",0
2025-01-21,"Security",0
2025-01-21,"Society",0
2025-01-21,"Transport",0
